Nazran,%u04
Utirik Island,03N
Ocean Reef Club Airport,07FA
Glasgow,07MT
Oconomowoc,0WI8
Carefree,18AZ
Mobile,1AZ0
Villa Rica,20GA
Uvalde,2XS8
Namorik Atoll,3N0
Aleknagik,5A8
Cambria,66CA
Key West,7FA1
Green Cove Springs,7FL4
Anacortes,ACRT
Afutara,AGAF
Ulawa,AGAR
Atoifi,AGAT
Batuna,AGBT
Auki,AGGA
Choiseul Bay,AGGC
Ballalae,AGGE
Fera Island,AGGF
Honiara,AGGH
Mbambanakira,AGGI
Kirakira,AGGK
Santa Cruz/Graciosa Bay/Luova,AGGL
Munda,AGGM
Gizo,AGGN
Stirling Island,AGGO
Rennell Island,AGGR
Sege,AGGS
Santa Ana,AGGT
Marau,AGGU
Suavanao,AGGV
Yandina,AGGY
Kagau Island,AGKG
Ringi Cove,AGRC
Ramata,AGRM
Alexandria,ALX_
FPSO Anasuria,ANAS
St Andre,ANDR
Annapolis,ANNA
Nauru,ANYN
Paradies Island,ARIA
Barcelona,ARPT
Allentown,ATWN
Augsburg,AUGS
Buka Island,AYBK
Kundiawa,AYCH
Daru,AYDU
Goroka,AYGA
Gurney,AYGN
Girua,AYGR
Hoskins,AYHK
Kiunga,AYKI
Kikori,AYKK
Kerema,AYKM
Kavieng,AYKV
Madang,AYMD
Mount Hagen,AYMH
Mendi,AYMN
Momote,AYMO
Moro,AYMR
Misima Island,AYMS
Nadzab,AYNZ
Port Moresby,AYPY
Tari,AYTA
Tabubil,AYTB
Tokua,AYTK
Vanimo,AYVN
Wapenamanda,AYWD
Wewak,AYWK
Bainbridge Island,BAIN
Bamberg,BAMB
Buffalo,BBUF
Angmagssalik,BGAM
Alluitsup Paa,BGAP
Narssarssuaq,BGBW
Qasigiannguit,BGCH
Neerlerit Inaat,BGCO
Aasiaat,BGEM
Paamiut,BGFH
Godthaab,BGGH
Qeqertarsuaq Airport,BGGN
Qaqortoq,BGJH
Ilulissat,BGJN
Maniitsoq,BGMQ
Nanortalik,BGNN
Narsaq,BGNS
Qaanaaq,BGQQ
Ittoqqortoormiit,BGSC
Sondrestrom,BGSF
Sisimiut,BGSS
Thule,BGTL
Upernavik,BGUK
Uummannaq,BGUM
Uummannaq,BGUQ
Akureyri,BIAR
Bakki,BIBA
Bildudalur,BIBD
Egilsstadir,BIEG
Biessenhofen,BIES
Gjogur,BIGJ
Grímsey,BIGR
Hofn,BIHN
Husavik,BIHU
Isafjordur,BIIS
Keflavik,BIKF
Saudarkrokur,BIKR
Nordfjordur,BINF
Binghamton,BING
Patreksfjordur,BIPA
Reykjavik,BIRK
Myvatn,BIRL
Selfoss,BISF
Siglufjordur,BISI
Thorshofn,BITN
Vestmannaeyjar,BIVM
Vopnafjörður,BIVO
Bangkok,BKKX
Brookings,BKX
Bilbao,BLBO
Bluefield,BLF
Bochum,BOCH
Boston,BOST
Berlin,BPAP
Brockville,BRKM
Brockville,BRKV
BP Bruce,BRU1
Barcelona,BSNT
Buchan Alpha,BUCA
Buchloe,BUCH
Buzzard,BUZZ
Blida,DAAB
Bou Saada,DAAD
Bejaja,DAAE
Algier,DAAG
Djanet,DAAJ
Boufarik,DAAK
Reggan,DAAN
Illizi,DAAP
Ain Oussera,DAAQ
Setif,DAAS
Tamanrasset,DAAT
Jijel,DAAV
Mecheria,DAAY
Relizane,DAAZ
Annaba,DABB
Constantine,DABC
Tebessa,DABS
Batna,DABT
Tilrempt,DAFH
Djelfa,DAFI
Tiaret,DAOB
Bou Sfer,DAOE
Tindouf,DAOF
Ech-cheliff,DAOI
Oran,DAOL
Tlemcen,DAON
Oran,DAOO
Béchar,DAOR
Sidi Bel Abbes,DAOS
Ghriss,DAOV
Bordj Badji Mokhtar,DATM
Adrar,DAUA
Biskra,DAUB
El Golea,DAUE
Ghardaia,DAUG
Hassi Messaoud,DAUH
In Salah,DAUI
Touggourt,DAUK
Laghouat,DAUL
Guemar,DAUO
Timimoun,DAUT
Ouargla,DAUU
Zarzaitine,DAUZ
Cotonou,DBBB
Washington DC,DCBS
Denver,DENX
Ouagadougou,DFFD
Bobo-dioulasso,DFOO
Accra,DGAA
Tamale,DGLE
Wa,DGLW
Kumasi,DGSI
Sunyani,DGSN
Takoradi,DGTK
Dhigurah,DHGU
Abidjan,DIAP
Bouake,DIBK
Daloa,DIDL
Korhogo,DIKO
Man,DIMN
San Pedro,DISP
Yamoussoukro,DIYO
Abuja,DNAA
Akure,DNAK
Benin,DNBE
Calabar,DNCA
Enugu,DNEN
Gusau,DNGU
Ibadan,DNIB
Ilorin,DNIL
Imo,DNIM
Jos,DNJO
Kaduna,DNKA
Kano,DNKN
Maiduguri,DNMA
Makurdi,DNMK
Lagos,DNMM
Minna,DNMN
Port Hartcourt,DNPO
Sokoto,DNSO
Osubi,DNSU
Yola,DNYO
Zaria,DNZA
Maradi,DRRM
Niamey,DRRN
Tahoua,DRRT
Agadez,DRZA
Dirkou,DRZD
Diffa,DRZF
Zinder,DRZR
Tabarka,DTKA
Monastir,DTMB
Enfidha,DTNZ
Tunis,DTTA
Bizerte,DTTB
Remada,DTTD
Gafsa,DTTF
Gabes,DTTG
Bordj El Amri,DTTI
Djerba,DTTJ
El Borma,DTTR
Sfax,DTTX
Tozeur,DTTZ
Niatougou,DXNG
Lome,DXXX
Kearney,EAR
Antwerp,EBAW
Beauvechain,EBBE
Kleine Brogel,EBBL
Brussels,EBBR
Bertrix,EBBX
Charleroi,EBCI
Chievres,EBCV
Ebenhofen,EBEN
Koksijde,EBFN
Florennes,EBFS
Kortrijk-vevelgem,EBKT
Knokke,EBKW
Liege,EBLG
Namur,EBNM
Ostend,EBOS
Zutendaal,EBSL
Spa,EBSP
Sint-truiden,EBST
St.-hubert,EBSU
GOETSENHOVEN,EBTN
Ursel,EBUL
Weelde,EBWE
Hasselt,EBZH
Zoersel,EBZR
Bautzen,EDAB
Altenburg,EDAC
Dessau,EDAD
Eisenhuettenstadt,EDAE
Heringsdorf,EDAH
Segeletz,EDAI
Gera,EDAJ
Suhl,EDAK
Furstenwalde,EDAL
Muehlhausen,EDAM
Neustadt-Glewe,EDAN
Halle,EDAQ
Finsterwalde,EDAS
Riesa,EDAU
Eberswalde,EDAV
Roitzschjora,EDAW
Rechlin-laerz,EDAX
Strausberg,EDAY
Schoenhagen,EDAZ
Cochstedt,EDBC
Burg,EDBG
Barth,EDBH
Jena,EDBJ
Kyritz,EDBK
Magdeburg,EDBM
Rothenburg/ol,EDBR
Allstedt,EDBT
Anklam,EDCA
Ballenstedt,EDCB
Cottbus,EDCD
Ruegen,EDCG
Koethen,EDCK
Scharlibbe,EDCL
Kamenz,EDCM
Obermehler,EDCO
Peenemunde,EDCP
Saarmund,EDCS
Welzow,EDCY
Berlin,EDDB
Berlin,EDDB
Dresden,EDDC
Erfurt,EDDE
Frankfurt,EDDF
Munster,EDDG
Hamburg,EDDH
Berlin,EDDI
Cologne,EDDK
Duesseldorf,EDDL
Munich,EDDM
Nuernberg,EDDN
Leipzig,EDDP
Saarbruecken,EDDR
Stuttgart,EDDS
Berlin,EDDT
Hannover,EDDV
Bremen,EDDW
Egelsbach,EDFE
Hahn,EDFH
Mannheim,EDFM
Allendorf,EDFQ
Worms,EDFV
Wuerzburg,EDFW
Mainz,EDFZ
Eisenach,EDGE
Siegerland,EDGS
Weinheim,EDGZ
Grube,EDHB
Luechow,EDHC
Uetersen,EDHE
Itzehoe,EDHF
Hamburg,EDHI
Kiel,EDHK
Luebeck,EDHL
Hasenmoor,EDHM
Neumuenster,EDHN
Pellworm,EDHP
Heidelberg,EDIU
Memmingen,EDJA
Aachen,EDKA
Leverkusen,EDKL
Wipperfuerth,EDKN
Brilon,EDKO
Dahlemer Binz,EDKV
Meinerzhagen,EDKZ
Arnsberg,EDLA
Duelmen,EDLB
Dinslaken,EDLD
Essen,EDLE
Grefrath,EDLF
Hamm,EDLH
Bielefeld,EDLI
Recklinghausen,EDLM
Moenchengladbach,EDLN
TELGTE,EDLO
Paderborn,EDLP
Stadtlohn,EDLS
Muenster,EDLT
Weeze,EDLV
Dortmund,EDLW
Augsburg,EDMA
Biberach,EDMB
Eggenfelden,EDME
Landshut,EDML
Mindelheim,EDMN
Oberpfaffenhofen,EDMO
Straubing,EDMS
Tannheim,EDMT
Vilshofen,EDMV
Leutkirch,EDNL
Nittenau,EDNM
Regensburg,EDNR
Schleissheim,EDNX
Friedrichshafen,EDNY
Nauen,EDOI
Luesse,EDOJ
Parchim,EDOP
Stendal,EDOV
Aalen-heidenheim,EDPA
Thalmaessing,EDPW
Bayreuth,EDQD
Burg Feuerstein,EDQE
Ansbach,EDQF
Hof,EDQM
Hassfurt,EDQT
Bad Neuenahr,EDRA
Birburg,EDRB
Bad Duerkheim,EDRF
Linkenheim,EDRI
Koblenz,EDRK
Nannhausen,EDRN
Trier,EDRT
Wershofen,EDRV
Speyer,EDRY
Zweibruecken,EDRZ
Karlsruhe/Baden-Baden,EDSB
Donaueschingen,EDTD
Freiburg,EDTF
Bremgarten,EDTG
Karlsruhe,EDTK
Lahr,EDTL
Mengen,EDTM
Kirchheim-Teck,EDTN
Schwaebisch Hall,EDTY
Soest,EDUS
Wildenrath,EDUW
Celle,EDVC
Braunschweig,EDVE
Hodenhagen,EDVH
Hoexter Holzminden,EDVI
Kassel,EDVK
Hildesheim,EDVM
Peine,EDVP
Rinteln,EDVR
Salzgitter,EDVS
Uelzen,EDVU
Bad Pyrmont,EDVW
Bad Oeynhausen,EDVY
Bremerhaven,EDWB
Damme,EDWC
Emden,EDWE
Leer,EDWF
Wangerooge,EDWG
Oldenburg,EDWH
Wilhelmshaven,EDWI
Juist,EDWJ
Karlshoefen,EDWK
Langeoog,EDWL
Hellwege,EDWM
Osnabrueck,EDWO
Ganderkesee,EDWQ
Borkum,EDWR
Norden,EDWS
Verden,EDWV
Norderney,EDWY
Büsum,EDXB
Flensburg,EDXF
Helgoland,EDXH
Nienburg Weser,EDXI
Sankt Michaelisdonn,EDXM
Cuxhaven,EDXN
Sankt Peter-Ording,EDXO
Harlesiel,EDXP
Rotenburg Wuemme,EDXQ
Rendsburg,EDXR
Westerland,EDXW
Tallinn,EECL
Armari Air Force Base,EEEI
Kardla,EEKA
Kuressaare,EEKE
Kihnu,EEKU
Parnu,EEPU
Ruhnu,EERU
Tallinn-ulemiste International,EETN
Tartu,EETU
Enontekio,EFET
Eura,EFEU
Halli,EFHA
Helsinki,EFHE
Helsinki,EFHF
Helsinki,EFHK
Hameenkyro,EFHM
Hanko,EFHN
Hyvinkaa,EFHV
Kikala,EFIK
Immola,EFIM
Kitee,EFIT
Ivalo,EFIV
Joensuu,EFJO
Jyvaskyla,EFJY
Kauhava,EFKA
Kemi,EFKE
Kajaani,EFKI
Kauhajoki,EFKJ
Kruunupyy,EFKK
Kemijarvi,EFKM
Kuusamo,EFKS
Kittila,EFKT
Kuopio,EFKU
Vesivehmaa,EFLA
Lappeenranta,EFLP
Mariehamn,EFMA
Menkijarvi,EFME
Mikkeli,EFMI
Nummela,EFNU
Oulu,EFOU
Piikajarvi,EFPI
Pori,EFPO
Pudasjarvi,EFPU
Pyhasalmi,EFPY
Pattijoki,EFRH
Rantasalmi,EFRN
Rovaniemi,EFRO
Rayskala,EFRY
Savonlinna,EFSA
Selanpaa,EFSE
Seinäjoki / Ilmajoki,EFSI
Sodankyla,EFSO
Tampere,EFTP
Teisko,EFTS
Turku,EFTU
Utti,EFUT
Vaasa,EFVA
Varkaus,EFVR
Ylivieska-raudaskyla,EFYL
Belfast,EGAA
Enniskillen,EGAB
Belfast,EGAC
Londonderry,EGAE
Rothera Research Station,EGAR
Birmingham,EGBB
Coventry,EGBE
Leicester,EGBG
Golouchestershire,EGBJ
Nottingham,EGBN
Halfpenny Green,EGBO
Pailton,EGBP
Turweston,EGBT
Wellesbourne,EGBW
Manchester,EGCC
Woodfort,EGCD
Sandtoft,EGCF
Caernarfon,EGCK
"Doncaster, Sheffield",EGCN
Brawdy,EGDA
Chivenor,EGDC
Newquai,EGDG
Lyneham,EGDL
Boscombe Down,EGDM
Culdrose,EGDR
St. Athan,EGDX
Yeovilton,EGDY
Campbeltown,EGEC
Eday,EGED
Fair Isle,EGEF
Glasgow,EGEG
North Ronaldsay,EGEN
North Connel,EGEO
Papa Westray,EGEP
Stronsay,EGER
Sanday,EGES
Lerwick,EGET
Westray,EGEW
Colonsay,EGEY
Haverfordwest,EGFE
Cardiff,EGFF
Swansea,EGFH
Bristol,EGGD
Liverpool,EGGP
London,EGGW
Shaftesbury,EGHA
Land's End,EGHC
Plymouth,EGHD
Bournemouth,EGHH
Southampton,EGHI
Bembridge,EGHJ
Penzance,EGHK
Lasham,EGHL
Isle Of Wight,EGHN
Tresco,EGHT
Alderney,EGJA
Guernsey,EGJB
Jersey,EGJJ
Shoreham By Sea,EGKA
Biggin Hill,EGKB
Redhill,EGKR
Farnborough,EGLF
Chalsgrove,EGLJ
Blackbushe,EGLK
Maidenhead,EGLM
Southend,EGMC
Lydd,EGMD
Manston,EGMH
Lympne,EGMK
Brough,EGNB
Carlisle,EGNC
Repton,EGNE
Blackpool,EGNH
Humberside,EGNJ
Barrow Island,EGNL
Leeds,EGNM
Warton,EGNO
Hawarden,EGNR
Isle Of Man,EGNS
Newcastle,EGNT
Teesside,EGNV
East Midlands,EGNX
Llanbedr,EGOD
Ternhill,EGOE
Shawbury,EGOS
Angelsey,EGOV
Woodvale,EGOW
Kirkwall,EGPA
Sumburgh,EGPB
Wick,EGPC
Aberdeen,EGPD
Inverness,EGPE
Glasgow,EGPF
Edinburgh,EGPH
Islay,EGPI
Prestwick,EGPK
Benbecula,EGPL
Scatsta,EGPM
Dundee,EGPN
Stornoway,EGPO
Barra,EGPR
Perth,EGPT
Tiree,EGPU
Unst,EGPW
Leuchars,EGQL
Lossiemouth,EGQS
Cambridge,EGSC
Peterborough,EGSF
Norwich,EGSH
Beccles,EGSM
Duxford,EGSU
North Weald,EGSX
Fowlmere,EGSY
Wycombe,EGTB
Cranfield,EGTC
Exeter,EGTE
Fairoaks,EGTF
Bristol,EGTG
Oxford,EGTK
Enstone,EGTN
Rochester,EGTO
Elstree,EGTR
Benson,EGUB
Lakenheath,EGUL
Mildenhall,EGUN
Wattisham,EGUW
Wyton,EGUY
Fairford,EGVA
Brize Norton,EGVN
Odiham,EGVO
Cosford,EGWC
Northolt,EGWU
Coningsby,EGXC
Dishforth,EGXD
Leeming,EGXE
Church Fenton,EGXG
Honington,EGXH
Cottesmore,EGXJ
Scampton,EGXP
Wittering,EGXT
Linton-on-ouse,EGXU
Waddington,EGXW
Topcliffe,EGXZ
Cranwell,EGYD
Barkston Heath,EGYE
Marham,EGYM
Mount Pleasant,EGYP
WATTON,EGYR
Ameland,EHAL
Amsterdam,EHAM
Weert,EHBD
Maastricht,EHBK
Deelen,EHDL
Deurne,EHDP
Drachten,EHDR
Eindhoven,EHEH
Groningen,EHGG
Gilze-rijen,EHGR
Hoogeveen,EHHO
Hilversum,EHHV
De Kooy,EHKD
Lelystad,EHLE
Leeuwarden,EHLW
Middelburg,EHMZ
Rotterdam,EHRD
Soesterberg,EHSB
Bosschenhoofd,EHSE
Deventer,EHTE
Arnhem,EHTL
Enschede,EHTW
Texel,EHTX
Valkenburg,EHVB
Volkel,EHVK
Woensdrecht,EHWO
Ypenburg,EHYB
Bantry,EIBN
Indreabhan,EICA
Cork,EICK
Galway,EICM
Dongloe,EIDL
Dublin,EIDW
Inis Mor,EIIM
Inisheer,EIIR
Connaught,EIKN
Kerry,EIKY
Casement,EIME
Inishmaan,EIMN
Newcastle,EINC
Shannon,EINN
Sligo,EISG
Waterford,EIWF
Leixlip,EIWT
Aarhus,EKAH
Billund,EKBI
Copenhagen,EKCH
Esbjerg,EKEB
Endelage,EKEL
Gronholt,EKGH
Herning,EKHG
Karup,EKKA
Kalundborg,EKKL
Laeso,EKLS
Maribo,EKMB
Mykines,EKMS
Odense,EKOD
Krusa-padborg,EKPB
Copenhagen,EKRK
Ronne,EKRN
Soenderborg,EKSB
Sindal,EKSN
Skrydstrup,EKSP
Samsoe,EKSS
Skive,EKSV
Toender,EKTD
Thisted,EKTS
Kolding,EKVD
Vagar,EKVG
Vesthimmerland,EKVH
Stauning,EKVJ
Aalborg,EKYT
Luxemburg,ELLX
Alesund,ENAL
Andoya,ENAN
Ny-Alesund,ENAS
Alta,ENAT
Voss,ENBM
Bronnoysund,ENBN
Bodo,ENBO
Bergen,ENBR
Batsfjord,ENBS
Berlevag,ENBV
Kristiansand,ENCN
Geilo,ENDI
Bardufoss,ENDU
Harstad/Narvik,ENEV
Oslo,ENFB
Fagernes,ENFG
Floro,ENFL
Oslo,ENGM
Hamar,ENHA
Haugesund,ENHD
Hammerfest,ENHF
Hasvik,ENHK
Honningsvag,ENHV
Jan Mayen,ENJA
Kristiansund,ENKB
Kjeller,ENKJ
Kirkenes,ENKR
Farsund,ENLI
Leknes,ENLK
Molde,ENML
Mehamn,ENMR
Mosjoen,ENMS
Lakselv,ENNA
Narvik,ENNK
Namsos,ENNM
Notodden,ENNO
Orland,ENOL
Orsta-Volda,ENOV
Mo i Rana,ENRA
Frya,ENRI
Rakkestad,ENRK
Rørvik,ENRM
Roros,ENRO
Røst,ENRS
Rygge,ENRY
Sveagruva,ENSA
Svalbard,ENSB
Sandane,ENSD
Sogndal,ENSG
Svolvær,ENSH
Stokmarknes,ENSK
Elverum,ENSM
Skien,ENSN
Stord,ENSO
Sorkjosen,ENSR
Vardø,ENSS
Sandnessjoen,ENST
Tromso,ENTC
Sandefjord,ENTO
Trondheim,ENVA
Vadso,ENVD
Værøy,ENVR
Stavanger,ENZV
Bielsko-Biala,EPBA
Warsaw,EPBC
Bydgoszcz,EPBY
Gdansk,EPGD
Goraszka,EPGO
Gryzliny,EPGR
Inowroclaw,EPIR
Krakow,EPKK
Katowice,EPKM
Koszalin,EPKO
Poznan,EPKS
Katowice,EPKT
Lublin,EPLB
Lask,EPLK
Lodz,EPLL
Malbork,EPMB
Miroslawiec,EPMI
Mielec,EPML
Warsaw,EPMO
Gdynia,EPOK
Poznan,EPPO
Pruszcz Gdansk,EPPR
RADOM,EPRA
RUDNIKI,EPRU
Rzeszow,EPRZ
Szczecin,EPSC
Szczecin,EPSD
Slupsk,EPSK
Shapaja,EPSN
Warsaw,EPWA
Wroclaw,EPWR
Zielona Gora,EPZG
Linkoeping,ESCF
Norrkoeping,ESCK
Soderhamn,ESCL
Uppsala,ESCM
Ronneby,ESDF
Rada,ESFR
Gothenborg,ESGG
Joenkoeping,ESGJ
Falkoping,ESGK
Lidkoping,ESGL
Gothenborg,ESGP
Skovde,ESGR
Trollhattan,ESGT
Karlsborg,ESIA
Satenas,ESIB
Stockholm,ESKB
Karlskoga,ESKK
Mora,ESKM
Stockholm,ESKN
Arvika,ESKV
Emmaboda,ESMA
Ljungby,ESMG
Kristianstad,ESMK
Landskrona,ESML
Oskarshamn,ESMO
Anderstorp,ESMP
Kalkmar,ESMQ
Malmoe,ESMS
Halmstad,ESMT
Hagshult,ESMV
Vaxjo,ESMX
Hallviken,ESNA
Hede,ESNC
Sveg,ESND
Farila,ESNF
Gallivare,ESNG
Hudiksvall,ESNH
Jokkmokk,ESNJ
Kramfors,ESNK
Lycksele,ESNL
Optand,ESNM
Sundsvall,ESNN
Ornskoldsvik,ESNO
Pitea,ESNP
Kiruna,ESNQ
Orsa,ESNR
Skelleftea,ESNS
Sattna,ESNT
Umea,ESNU
Vilhelmina,ESNV
Arvidsjaur,ESNX
Östersund,ESNZ
Orebro,ESOE
Hagfors,ESOH
Karlstad,ESOK
Vasteras,ESOW
Lulea,ESPA
Vidsel,ESPE
Arboga,ESQO
Stockholm,ESSA
Stockholm,ESSB
Borlange,ESSD
Essen,ESSE
Hultsfred,ESSF
Gavle,ESSK
Linkoeping,ESSL
Norrkoeping,ESSP
Torsby,ESST
Eskilstuna,ESSU
Visby,ESSV
Ängelholm,ESTA
Mohed,ESUD
Kalixfors,ESUK
Pajala,ESUP
Hemavan,ESUT
Spangdahlem,ETAD
Ramstein,ETAR
Bamberg,ETEJ
Giebelstadt,ETEU
Brueckeburg,ETHB
Celle,ETHC
Rheine-brentlange,ETHE
Fritzlar,ETHF
Laupheim,ETHL
Mendig,ETHM
Niederstetten,ETHN
Roth,ETHR
Fassberg,ETHS
Grafenwoehr,ETIC
Hanau,ETID
Hohenfels,ETIH
Kitzingen,ETIN
Nordholz,ETMN
Warnemuende,ETMW
Diepholz,ETND
Geilenkirchen,ETNG
Hohn,ETNH
Jever,ETNJ
Laage,ETNL
Noervenich,ETNN
Hopsten,ETNP
Schleswig,ETNS
Wittmundhafen,ETNT
Neubrandenburg,ETNU
Wunstorf,ETNW
Vilseck,ETOI
Coleman,ETOR
Wiesbaden,ETOU
Landsberg,ETSA
Buechel,ETSB
Erding,ETSE
Fuerstenfeldbruck,ETSF
Holzdorf,ETSH
Ingolstadt,ETSI
Lechfeld,ETSL
Neuburg,ETSN
Pferdsfeld,ETSP
Guetersloh,ETUO
Liepaja,EVLA
Riga,EVRA
Ventspils,EVVA
Kaunas,EYKA
Kaunas,EYKS
Palanga,EYPA
Panevezys,EYPP
Siauliai,EYSA
Barysiai,EYSB
Vilnius,EYVI
Paluknys,EYVP
Forties Alpha,FA08
Placida,FA54
Alexander Bay,FAAB
Aggeneys,FAAG
Alldays,FAAL
Aliwal North,FAAN
Brakpan,FABB
Bisho,FABE
Bloemfontein,FABL
Bethlehem,FABM
Bothaville,FABO
Barberton,FABR
Alkantpan,FACO
Cape Town,FACT
Calvinia,FACV
Durban,FADN
Lephalale,FAEA
East London,FAEL
Ermelo,FAEO
Ficksburg,FAFB
Johannesburg,FAGC
George,FAGG
Johannesburg,FAGM
Graaff Reinet,FAGR
Grahamstown,FAGT
Greytown,FAGY
Harmony,FAHA
Harrismith,FAHR
Hoedspruit,FAHS
Hendrik Verwoerddam,FAHV
Johannesburg,FAJS
Klerksdorp,FAKD
Kimberley,FAKM
Mpumalanga,FAKN
Krugersdorp,FAKR
Kroonstad,FAKS
Kuruman,FAKU
Kleinsee,FAKZ
Johannesburg,FALA
Lichtenburg,FALI
Lambertsbaai,FALM
Langebaanweg,FALW
Ladysmith,FALY
Middelburg,FAMB
Malamala,FAMD
Margate,FAMG
Marble Hall,FAMI
Majuba Power Station,FAMJ
Mafeking,FAMM
Malalane,FAMN
Musina,FAMS
Mkuze,FAMU
Newcastle,FANC
Nelspruit,FANS
Nylstroom,FANY
Overberg,FAOB
Oudtshoorn,FAOH
Port Elizabeth,FAPE
Plettenberg Bay,FAPG
Phalaborwa,FAPH
Polokwane,FAPI
Port Saint Johns,FAPJ
Pietermaritzburg,FAPM
Pilanesberg,FAPN
Potgietersrus,FAPP
Potchefstroom,FAPS
Parys,FAPY
Queenstown,FAQT
Richard's Bay,FARB
Rustenburg,FARG
Robertson,FARS
Springbok,FASB
Secunda,FASC
Saldanha,FASD
Springs,FASI
Swartkop,FASK
Sishen,FASS
Swellendam,FASX
Skukuza,FASZ
Tommy's Field,FATF
Bloemfontein,FATP
Tutuka,FATT
Tzaneen,FATZ
Ulundi,FAUL
Upington,FAUP
Umtata,FAUT
Vryburg,FAVB
Durban,FAVG
Vredendal,FAVR
Vereeniging,FAVV
Pretoria,FAWB
Witbank,FAWI
Waterkloof,FAWK
Welkom,FAWM
Ysterplaat,FAYP
Zeerust,FAZR
Brussels,FBCL
Okavango Delta,FBCO
Francistown,FBFT
Ghanzi,FBGZ
Jwaneng,FBJW
Kasane,FBKE
Khwai River,FBKR
Maun,FBMN
Orapa,FBOR
Gaberone,FBSK
Selebi-phikwe,FBSP
Shakawe,FBSW
Tuli Lodge,FBTL
Forties Charlie,FC08
Brazzaville,FCBB
Owando,FCOO
Ouesso,FCOU
Loubomo,FCPL
Pointe-noire,FCPP
Fort-de-France,FDFM
Manzini,FDMS
Bangui,FEFF
Berberati,FEFT
Bata,FGBT
Figueres,FGRS
Malabo,FGSL
Wide Awake,FHAW
Plaisance,FIMP
Rodriguez Island,FIMR
Diego Garcia Island,FJDG
Tiko,FKKC
Douala,FKKD
Maroua,FKKL
Foumban,FKKM
N'gaoundere,FKKN
Garoua,FKKR
Bafoussam,FKKU
Bamenda,FKKV
Yaounde,FKKY
Yaounde,FKYS
Chipata,FLCP
Kasompe,FLKE
Kasaba Bay,FLKY
Livingstone,FLLI
Lusaka,FLLS
Mfuwe,FLMF
Mongu,FLMG
Ndola,FLND
Southdowns,FLSO
Solwesi,FLSW
Moroni,FMCH
Moheli,FMCI
Moroni,FMCN
Anjouan,FMCV
Dzaoudzi,FMCZ
St.-denis,FMEE
St.-pierre,FMEP
Antsirabe,FMME
Antsalova,FMMG
Antananarivo,FMMI
Ankavandra,FMMK
Belo sur Tsiribihina,FMML
Miandrivazo,FMMN
Maintirano,FMMO
Morafenobe,FMMR
Sainte Marie,FMMS
Toamasina,FMMT
Tambohorano,FMMU
Morondava,FMMV
Tsiroanomandidy,FMMX
Ambatondrazaka,FMMZ
Antsiranana,FMNA
Mananara,FMNC
Andapa,FMND
Ambilobe,FMNE
Port Bergé,FMNG
Antalaha,FMNH
Ambanja,FMNJ
Analalava,FMNL
Mahajanga,FMNM
Nosy-be,FMNN
Soalala,FMNO
Mampikony,FMNP
Besalampy,FMNQ
Maroantsetra,FMNR
Sambava,FMNS
Tsaratanana,FMNT
Vohemar,FMNV
Antsohihy,FMNW
Mandritsara,FMNX
Ampampamena,FMNZ
Tolagnaro,FMSD
Fianarantsoa,FMSF
Farafangana,FMSG
Manja,FMSJ
Manakara,FMSK
Bekily,FMSL
Mananjary,FMSM
Morombe,FMSR
Toliara,FMST
M'banza-congo,FNBC
Benguela,FNBG
Cabinda,FNCA
Kapanda,FNCP
Catumbela,FNCT
Dundo,FNDU
Ondjiva,FNGI
Huambo,FNHU
Kuito,FNKU
Lobito,FNLB
Lucapa,FNLK
Luanda,FNLU
Malanje,FNMA
Menongue,FNME
Mocamedes,FNMO
Negage,FNNG
Porto Amboim,FNPA
Saurimo,FNSA
Soyo,FNSO
Lubango,FNUB
Luena,FNUE
Uige,FNUG
Xangongo,FNXA
Nzagi,FNZG
Koulamoutou,FOGK
Mouila,FOGM
Oyem,FOGO
Okondja,FOGQ
Lambarene,FOGR
Bitam,FOOB
Port Gentil,FOOG
Omboue Hospial,FOOH
Makokou,FOOK
Libreville,FOOL
Franceville,FOON
Tchibanga,FOOT
Mayumba,FOOY
Principe,FPPR
Sao Tome,FPST
Beira,FQBR
Cuamba,FQCB
Chimoio,FQCH
Inhaca,FQIA
Inhambane,FQIN
Lichinga,FQLC
Lumbo,FQLU
Maputo,FQMA
Mueda,FQMD
Mocimboa Da Praia,FQMP
Marrupa,FQMR
Nacala,FQNC
Nampula,FQNP
Pemba,FQPB
Quelimane,FQQL
Songo,FQSG
Tete,FQTT
Ulongwe,FQUG
Vilankulu,FQVL
Friday Harbor,FRID
Alphonse,FSAL
Assumption Island,FSAS
Desroches,FSDR
Farquhar,FSFA
Mahe,FSIA
Praslin,FSPP
Bird Island,FSSB
Coetivy,FSSC
Fort Lauderdale,FTLD
Sarh,FTTA
Abeche,FTTC
Moundou,FTTD
N'djamena,FTTJ
Am Timan,FTTN
Faya-largeau,FTTY
Fulmar,FUA1
Fussen,FUSN
Fussen,FUSS
Bumi Hills,FVBM
Bulawayo,FVBU
Harare,FVCP
Chiredzi,FVCZ
Victoria Falls,FVFA
Harare,FVHA
Kariba,FVKB
Mutoko,FVMT
Mutare,FVMU
Masvingo,FVMV
Zvishavane,FVSH
Spray View,FVSV
Gwert,FVTL
Hwange National Park,FVWN
Chintheche,FWCC
Blantyre,FWCL
Club Makokola,FWCM
Karonga,FWKA
Kasungu,FWKG
Lilongwe,FWKI
Likoma Island,FWLK
Mzuzu,FWUU
Maseru,FXMM
Mantsonyane,FXMN
Maseru,FXMU
Grootfontein,FYGF
Mpacha,FYKM
Keetmanshoop,FYKT
Luderitz,FYLZ
Mokuti Lodge,FYMO
Ondangwa,FYOA
Oranjemund,FYOG
Okaukuejo,FYOO
Rundu,FYRU
Swakopmund,FYSM
Tsumeb,FYTM
Walvis Bay,FYWB
Windhoek,FYWE
Windhoek,FYWV
Kinshasa,FZAA
Kinshasa,FZAB
Muanda,FZAG
Kitona Base,FZAI
Boma,FZAJ
Matadi,FZAM
Inongo,FZBA
Nioki,FZBI
Bandoundu,FZBO
Kiri,FZBT
Kikwit,FZCA
Mbandaka,FZEA
Basankusu,FZEN
Gbadolite,FZFD
Gemena,FZFK
Kotakoli,FZFP
Lisala,FZGA
Kisangani,FZIA
Isiro,FZJH
Bunia,FZKA
Buta Zega,FZKJ
Bukavu/kavumu,FZMA
Goma,FZNA
Kindu,FZOA
Kasongo,FZOK
Lubumashi,FZQA
Kolwezi,FZQM
Kalemie,FZRF
Kamina Base,FZSA
Kananga,FZUA
Tshikapa,FZUK
Lodja,FZVA
Ilebo,FZVS
Mbuji-mayi,FZWA
Locust Grove,GA04
Bengassi,GA46
Gannet Alpha,GAA1
Bougouni,GABG
Bamako,GABS
Gao,GAGO
Kayes,GAKY
Mopti,GAMB
Tombouctou,GATB
Tessalit,GATS
Banjul,GBYD
Fuerteventura,GCFV
La Gomera,GCGM
Hierro,GCHI
Santa Cruz De La Palma,GCLA
Gran Canaria,GCLP
Las Palmas,GCRR
Tenerife,GCTS
Tenerife,GCXO
Ceuta,GECT
Geiranger,GEIR
Melilla,GEML
Bonthe,GFBN
Bo,GFBO
Gbangbatok,GFGK
Freetown,GFHA
Kenema,GFKE
Freetown,GFLL
Yengema,GFYE
Cufar,GGCF
Bissau,GGOV
Greenville,GLCP
Greenville,GLH
Monrovia,GLMR
Monrovia,GLRB
Agadir,GMAA
Tan Tan,GMAT
Zagora,GMAZ
Bouarfa,GMFB
Fes,GMFF
Ifrane,GMFI
Er-rachidia,GMFK
Meknes,GMFM
Oujda,GMFO
Fes,GMFU
Smara,GMMA
Ben Slimane,GMMB
Rabat,GMME
Dakhla,GMMH
Essadouira,GMMI
El Aaiún,GMML
Casablanca,GMMN
El Aroui,GMMW
Marrakech,GMMX
Kentira,GMMY
Ouarzazate,GMMZ
Al Hociema,GMTA
Tetouan,GMTN
Tanger,GMTT
Ziguinchor,GOGG
Cap Skiring,GOGS
Kaolack,GOOK
Dakar,GOOY
Matam,GOSM
St. Louis,GOSS
Bakel,GOTB
Kedougou,GOTK
Tambacounda,GOTT
Aioun El Atrouss,GQNA
Tidjikja,GQND
Kiffa,GQNF
Nema,GQNI
Kaedi,GQNK
Nouakschott,GQNN
Selibabi,GQNS
Atar,GQPA
Nouadhibou,GQPP
Bir Moghrein,GQPT
St. George's,GREN
Granada,GRND
Gryphon FPSO,GRY1
Greenland Ice Cap,GSUM
Conakry,GUCY
Fira,GUFA
Faranah,GUFH
Kissidougou,GUKU
Labe,GULB
Kankan,GUXD
Amilcar Cabral,GVAC
Boa Vista,GVBA
Maio,GVMA
"Praia, Santiago Island",GVNP
"Sao Filipe, Fogo Island",GVSF
Sao Nocolau Island,GVSN
Sao Vicente Island,GVSV
Addis Ababa,HAAB
Addis Ababa,HAAL
Arba Minch,HAAM
Axum,HAAX
Baco,HABC
Bahar Dar,HABD
Beica,HABE
Dessie,HADC
Dembidollo,HADD
Debre Marqos,HADM
Dire Dawa,HADR
Debre Tabor,HADT
Goba,HAGB
Gambella,HAGM
Gondar,HAGN
Gode,HAGO
Gore,HAGR
Debre Zeyit,HAHM
Humera,HAHU
Jijiga,HAJJ
Jimma,HAJM
Kabri Dehar,HAKD
Awasa,HALA
Lalibella,HALL
Mekane Selam,HAMA
Makale,HAMK
Mizan Teferi,HAMT
Asosa,HASO
Tippi,HATP
Bujumbura,HBBA
Harrisburg,HBRG
Alula,HCMA
Bosaso,HCMF
Hargeisa,HCMH
Berbera,HCMI
Kismayu,HCMK
Mogadishu,HCMM
Galcaio,HCMR
Burao,HCMV
Djibouti,HDAM
Obock,HDOB
Tadjoura,HDTJ
Dabaa City,HEAL
El Arish,HEAR
Asyut,HEAT
Alexandria,HEAX
Alexandria,HEBA
Abu Simbel,HEBL
Cairo,HECA
Cairo,HECW
Hurghada,HEGN
El Gorah,HEGR
Helsinki,HELC
Luxor,HELX
Marsa Alam,HEMA
Sohag,HEMK
Mersa-matruh,HEMM
Sharq Al-Owainat,HEOW
Port Said,HEPS
St. Catherine,HESC
Sharm El Sheikh,HESH
Aswan,HESN
Taba,HETB
El-tor,HETR
Caspian Sea,HEYD
Asmara,HHAS
Massawa,HHMS
Assab,HHSB
Waikoloa Village,HI07
Amboseli National Park,HKAM
Busia,HKBA
Bura,HKBR
Bungoma,HKBU
Eldoret,HKEL
Embu,HKEM
Garissa,HKGA
Garba Tula,HKGT
Hong Kong,HKGX
Homa Bay,HKHB
Hola,HKHO
Isiolo,HKIS
Nairobi,HKJK
Keekorok,HKKE
Kakamega,HKKG
Kisumu,HKKI
Kilaguni,HKKL
Kericho,HKKR
Kitale,HKKT
Lokichoggio,HKLK
Lodwar,HKLO
Lamu,HKLU
Meru National Park,HKMK
Malindi,HKML
Mombasa,HKMO
Moyale,HKMY
Musiara,HKMZ
Naivasha,HKNV
Nairobi,HKNW
Nanyuki,HKNY
Masai Mara,HKOK
Nairobi,HKRE
Samburu South,HKSB
Ukunda,HKUK
Wajir,HKWJ
Hell-Bourg,HLBG
Buattifel,HLFL
Sirt,HLGD
Giallo,HLGL
Tobruk,HLGN
Ghat,HLGT
Kufra,HLKF
Benghazi,HLLB
Tripoli,HLLM
Al Bayda',HLLQ
Sebha,HLLS
Tripoli,HLLT
Marsa Brega,HLMB
Ras Lanouf V 40,HLNF
Hon,HLON
Dahra,HLRA
Ghadames,HLTD
Zella 74,HLZA
Little San Salvador Island,HMCY
Philadelphia,HOLM
Gisenyi,HRYG
Kigali,HRYR
Kamembe,HRZA
Atbara,HSAT
Aweil,HSAW
Dongola,HSDN
Damazin,HSDZ
El Fasher,HSFS
Geneina,HSGN
Kassala,HSKA
Kadugli,HSLI
Rumbek,HSMK
Nyala,HSNN
El Obeid,HSOB
Port Sudan,HSPN
Juba,HSSJ
Malakal,HSSM
Khartoum,HSSS
Wadi Halfa,HSSW
Torit,HSTR
Wau,HSWW
Yei,HSYE
Arusha,HTAR
Bukoba,HTBU
Dar Es Salaam,HTDA
Dodoma,HTDO
Iringa,HTIR
Kigoma,HTKA
Kilimanjaro,HTKJ
Lindi,HTLI
Lake Manyara,HTLM
Mafia Island,HTMA
Mtwara,HTMT
Musoma,HTMU
Mwanza,HTMW
Ndutu,HTND
Pemba,HTPE
Seronera,HTSN
Shinyanga,HTSY
Tabora,HTTB
Tanga,HTTG
Zanzibar,HTZA
Arua,HUAR
Entebbe,HUEN
Gulu,HUGU
Kabale,HUKB
Kidepo,HUKD
Kitgum,HUKT
Pakuba,HUPA
Soroti,HUSO
Kalokol,HYFG
Hazelton,HZLT
Bullhead,IFP
Kingman,IGM
Ingolstadt,INGS
Maldives Hilton Iru fushi,IRUF
Point Roberts,K1RL
Quitman,K23M
Shelbyville,K2H0
Null,K2I3
Hampton,K4A7
Dell,K4U9
Madison,K52A
Packwood,K55S
East Troy,K57C
Ballston Spa,K5B2
Christmas Valley,K62S
East Tawas,K6D9
Saluda,K6J4
Big Timber,K6S0
Phoenix,KA39
Ellicott,KA50
Apalachicola,KAAF
Houston,KAAP
Allentown,KABE
Abilene,KABI
Albuquerque,KABQ
Aberdeen,KABR
Albany,KABY
Americus,KACJ
Nantucket,KACK
Waco,KACT
Arcata CA,KACV
Atlantic City,KACY
Ardmore,KADM
Addison,KADS
Camp Springs,KADW
Alexandria,KAEX
Fort Worth,KAFW
Pittsburgh,KAGC
Bush Field,KAGS
Athens,KAHN
Alliance,KAIA
Aiken,KAIK
Kaiser Lake Ozark,KAIZ
Cornelia,KAJR
Akron,KAKR
Albany,KALB
Alice,KALI
Alamogordo,KALM
Waterloo,KALO
Alamosa,KALS
Walla Walla,KALW
Amarillo,KAMA
Anniston,KANB
Andersen,KAND
Anoka,KANE
Annapolis,KANP
Angola,KANQ
Lima,KAOH
Altoona,KAOO
Denver,KAPA
Napa,KAPC
Naples,KAPF
Aberdeen,KAPG
Alpena,KAPN
Louisiana,KARA
Ann Arbor,KARB
Watertown,KART
Minocqua - Woodruff,KARV
Aspen,KASE
Nashua,KASH
Astoria,KAST
Warsaw,KASW
Atlanta,KATL
Austin TX,KATT
Appleton,KATW
Watertown,KATY
Kaufbeuren,KAUF
Augusta,KAUG
Auburn,KAUO
Austin,KAUS
Asheville,KAVL
Avon Park,KAVO
Scranton,KAVP
Tucson,KAVQ
Catalina Island,KAVX
Kalamazoo,KAZO
Marysville,KBAB
Shreveport,KBAD
Westfield,KBAF
Branson,KBBG
Bryce Canyon,KBCE
Boca Raton,KBCT
Baudette,KBDE
Windsor Locks,KBDL
Bend,KBDN
Stratford,KBDR
Boulder,KBDU
Wichita,KBEC
Bedford,KBED
Bradford,KBFD
Scottsbluff,KBFF
Seattle,KBFI
Bakersfield,KBFL
Mobile,KBFM
Beaver Falls,KBFP
Beauford,KBFT
Bainbridge,KBGE
Binghamton,KBGM
Bangor,KBGR
Bar Harbor,KBHB
Birmingham,KBHM
Block Island,KBID
El Paso,KBIF
Billings,KBIL
Bismarck,KBIS
Holland,KBIV
Biloxi,KBIX
Broomfield-CO,KBJC
Bemidji,KBJI
Breckenridge,KBKD
Buckley,KBKF
Cleveland,KBKL
Beckley,KBKW
Blythe,KBLH
Bellingham,KBLI
Belleville,KBLV
Brigham City,KBMC
Bloomington,KBMG
Bloomington,KBMI
Bamburi,KBMQ
Beaumont,KBMT
Nashville,KBNA
Burns,KBNO
Boise,KBOI
Boston,KBOS
Bartow,KBOW
Beaumont,KBPT
Brunswick,KBQK
Brainerd,KBRD
Burlington,KBRL
Brownsville,KBRO
Butte,KBTM
Baton Rouge,KBTR
Burlington,KBTV
Buffalo,KBUF
Burbank,KBUR
Burlington,KBUU
Burlington,KBUY
Boulder City,KBVU
Beverly,KBVY
Bowling Green,KBWG
Baltimore,KBWI
Buckeye,KBXK
Borrego Springs,KBXS
Blytheville,KBYH
Fort Irwin,KBYS
Bozeman,KBZN
Columbia,KCAE
Akron,KCAK
Caribou,KCAR
Cumberland,KCBE
Colombus,KCBM
Newnan,KCCO
Concord,KCCR
Cedar City,KCDC
Cedar Key,KCDK
Camden,KCDN
Chadron,KCDR
Childress,KCDS
Caldwell,KCDW
Crescent City,KCEC
Chicopee Falls,KCEF
Clemson,KCEU
Crestview,KCEW
Cortez,KCEZ
Bryan,KCFD
Crystal River,KCGC
Richmond Heights,KCGF
Cape Girardeau,KCGI
Chicago,KCGX
Casa Grande,KCGZ
Chattanooga,KCHA
Chandler,KCHD
Charlottesville VA,KCHO
Charleston,KCHS
Chico,KCIC
Cedar Rapids,KCID
Sault Ste Marie,KCIU
Clarksburg,KCKB
Grand Marais,KCKC
Cordele,KCKF
Clarksville,KCKV
Cleveland,KCLE
College Station,KCLL
Port Angeles,KCLM
Chehalis,KCLS
Charlotte,KCLT
Clearwater,KCLW
Columbus,KCMH
Champaign,KCMI
Hancock,KCMX
Canton,KCNI
Carlsbad,KCNM
Waco,KCNW
Moab,KCNY
Cody,KCOD
Coeur d'Alene,KCOE
Coco Beach,KCOF
Colorado Springs,KCOS
Cotulla,KCOT
Columbia,KCOU
Casper,KCPR
Corpus Christi,KCRP
Carlsbad,KCRQ
Charleston,KCRW
Columbus,KCSG
Cutbank,KCTB
Carrollton,KCTJ
Cross City,KCTY
Cincinnati,KCVG
Clovis,KCVN
Corvallis,KCVO
Clovis,KCVS
Charelvoix,KCVX
Wassau,KCWA
Clinton,KCWI
Calexico,KCXL
Conroe,KCXO
Harrisburg,KCXY
Cheyenne,KCYS
Endicott,KCZG
Calhoun,KCZL
Daytona Beach,KDAB
Dallas,KDAL
Rochester,KDAW
Dayton,KDAY
Dublin,KDBN
Dubuque IA,KDBQ
Washington,KDCA
Dodge City,KDDC
Decatur,KDEC
DeLand,KDED
Denver,KDEN
Detroit,KDET
Dallas-Fort Worth,KDFW
Douglas,KDGL
Dothan,KDHN
Dalhart,KDHT
Dickinson,KDIK
Dunkirk,KDKK
Knoxville,KDKX
Del Rio,KDLF
Duluth,KDLH
Baraboo,KDLL
The Dalles,KDLS
Tucson,KDMA
Augusta,KDNL
Dalton,KDNN
Danville,KDNV
Dover,KDOV
West Chicago,KDPA
Douglas,KDQH
Deridder,KDRI
Drummond Island,KDRM
Durango,KDRO
Del Rio,KDRT
Des Moines,KDSM
Delta,KDTA
Destin,KDTS
Detroit,KDTW
Duncan,KDUC
Douglas,KDUG
Du Bois,KDUJ
Devils Lake,KDVL
Novato,KDVO
Phoenix ,KDVT
Davis-Woodland-Winters,KDWA
Houston,KDWH
Danbury,KDXR
Abilene,KDYS
Wickenburg,KE25
Gila Bend,KE63
Wenatchee,KEAT
Eau Claire,KEAU
Elizabeth City,KECG
Panama City,KECP
Edwards Afb,KEDW
Alabaster,KEET
Houston,KEFD
Monroe,KEFT
Vail,KEGE
Wellington,KEGT
Eagle River,KEGV
Elkins,KEKN
Elko,KEKO
Bessemer,KEKY
El Dorado,KELD
Elmira,KELM
Ely,KELO
El Paso,KELP
Ely,KELY
Kempten,KEMP
Enid,KEND
Wendover,KENV
Keokuk,KEOK
Kep,KEPC
Eastport,KEPM
Erie,KERI
Kerrville,KERV
Newberry,KERY
Escanaba,KESC
Alexandria,KESF
Easton,KESN
Eufala,KEUF
Eugene,KEUG
Evansville,KEVV
Evanston,KEVW
New Bedford,KEWB
Newton,KEWK
New Bern,KEWN
Newark,KEWR
Key West,KEYW
Murrieta-Temecula,KF70
Fort Eustis,KFAF
Fargo,KFAR
Fresno,KFAT
Fayetteville,KFAY
Fort Bridger,KFBR
Kalispell,KFCA
Eden Prairie,KFCM
Fort Carson,KFCS
Winnsboro,KFDW
Findley,KFDY
Kill Devil Hills,KFFA
Atlanta,KFFC
Dayton,KFFO
Frankfort,KFFT
Mesa,KFFZ
Friday Harbor,KFHR
Fort Huachuca,KFHU
Fitchburg,KFIT
Franklin,KFKL
Fond du Lac,KFLD
Flagstaff,KFLG
Fort Lauderdale,KFLL
Florence,KFLO
Fort Leavenworth,KFLV
Fort Meade,KFME
Falmouth,KFMH
Farmington,KFMN
Fort Myers,KFMY
Fort Collins,KFNL
Flint,KFNT
Fort Dodge,KFOD
Topeka,KFOE
West Hampton Beach,KFOK
Fort Pierce,KFPR
Farmingdale,KFRG
Fort Riley,KFRI
Sioux Falls,KFSD
Fort Sill,KFSI
Fort Smith,KFSM
Fort Stockton,KFST
Fort Knox,KFTK
Fort Worth,KFTW
Atlanta,KFTY
Fullerton,KFUL
Frenchville,KFVE
Fort Wayne,KFWA
Rawlins,KFWL
Fort Lauderdale,KFXE
Fayetteville,KFYV
Fitzgerald,KFZG
Fostoria,KFZI
Gadsden,KGAD
Gaithersburg,KGAI
Great Bend,KGBD
Gillette,KGCC
Garden City,KGCK
Grand Canyon,KGCN
Glendive,KGDV
Gladwin,KGDW
Georgetown,KGED
Spokane,KGEG
Georgetown,KGEO
Glendale,KGEU
Grand Forks,KGFK
Queensbury,KGFL
Georgetown,KGGE
Longview,KGGG
Glasgow,KGGW
Marshfield,KGHG
Winter Haven,KGIF
Grand Junction,KGJT
Arlington,KGKY
Goodland,KGLD
Galveston,KGLS
Grants,KGNT
Gainesville,KGNV
Groton CT,KGON
Gulfport,KGPT
Grand Rapids MN,KGPZ
Galion,KGQQ
Green Bay,KGRB
Fort Lewis,KGRF
Grand Island,KGRI
Killeen,KGRK
Grand Rapids,KGRR
Goldsboro,KGSB
Greensboro,KGSO
Greenville,KGSP
Fort Drum,KGTB
Great Falls,KGTF
Columbus Mississippi,KGTR
Georgetown,KGTU
Gunnison,KGUC
Gallup,KGUP
Peru,KGUS
Gainesville,KGVL
Batavia,KGVQ
Greenvile,KGVT
Greenwood,KGWO
Goodyear,KGYR
Gary,KGYY
Hamilton,KHAO
Hattiesburg,KHBG
Hobart,KHBR
Cleveland,KHDI
Hayden,KHDN
Hondo,KHDO
Manassas,KHEF
Hartford,KHFD
Hagerstown,KHGR
Hilton Head,KHHH
Hawthorne,KHHR
Hibbing,KHIB
Ogden,KHIF
Lake Havasu City,KHII
Hillsboro,KHIO
Hickory,KHKY
Helena,KHLN
Fort Hood,KHLR
Alamogordo,KHMN
Bedford,KHMZ
Henderson,KHND
Hobbs,KHOB
Huron,KHON
Hopkinsville,KHOP
Hot Springs,KHOT
Houston,KHOU
White Plains,KHPN
Thomson,KHQU
Harlingen,KHRL
Harrison,KHRO
Mary Esther,KHRT
Homestead,KHST
Huntsville,KHSV
Houghton Lake,KHTL
Huntington,KHTS
Redstone,KHUA
Terre Haute,KHUF
Houlton,KHUL
Hutchinson,KHUT
New Haven,KHVN
Havre,KHVR
Hayward,KHWD
Hollywood,KHWO
Hilton Head Island,KHXD
Barnstable,KHYA
Hays,KHYS
Hazleton,KHZL
Wichita,KIAB
Washington,KIAD
Niagara Falls,KIAG
Houston,KIAH
Wichita,KICT
Idaho Falls,KIDA
KIEV,KIEV
Lansing,KIGQ
Willimantic,KIJD
Kankakee,KIKK
Kirtland A.f.b.,KIKR
Ankeny,KIKV
Wilmington,KILG
Wilmington,KILM
Wilmington,KILN
Immokalee ,KIMM
Iron Mountain,KIMT
Indianapolis,KIND
Hillsboro,KINJ
Wink,KINK
International Falls,KINL
Indian Springs,KINS
Winston-salem,KINT
Winslow,KINW
Iowa City,KIOW
Imperial,KIPL
Peine,KIPP
Williamsport,KIPT
Kirksville,KIRK
Kissimmee,KISM
Williston,KISN
Kinston,KISO
Islip,KISP
Wisconsin Rapids,KISW
Ithaca,KITH
Mesa,KIWA
Houston,KIWS
Olathe,KIXD
Inyokern,KIYK
Fryeburg,KIZG
Jacksn Hole,KJAC
Jackson,KJAN
Jacksonville,KJAX
Jonesboro,KJBR
Jefferson City,KJEF
Jesup,KJES
New York,KJFK
Jamestown,KJHW
Gulf Shores,KJKA
Joplin,KJLN
Jamestown,KJMS
Joliet,KJOT
Concord,KJQF
Johnstown,KJST
Janesville,KJVL
Jackson,KJXN
Sylvania,KJYL
Leesburg,KJYO
Jasper,KJZP
Sabetha,KK83
Kelso,KKLS
Oceano,KL52
Lamar,KLAA
Lakeland,KLAL
Los Alamos,KLAM
Lansing,KLAN
Laramie,KLAR
Las Vegas,KLAS
Lawton,KLAW
Los Angeles,KLAX
Lubbock,KLBB
Latrobe,KLBE
North Platte,KLBF
Liberal,KLBL
Lumberton,KLBT
Angleton,KLBX
Lake Charles,KLCH
Columbus,KLCK
Lake City,KLCQ
Linden,KLDJ
Lebanon,KLEB
Lewiston,KLEW
Lexington KY,KLEX
Hampton,KLFI
Lufkin,KLFK
Lafayette,KLFT
Long Beach,KLGB
LaGrange,KLGC
Logan,KLGU
Lincoln,KLHM
Lock Haven,KLHV
Wright,KLHW
La Junta,KLHX
Little Rock,KLIT
Lake Placid,KLKP
Lakeview,KLKV
Klamath Falls,KLMT
West Palm Beach,KLNA
Lincoln,KLNK
Willoughby,KLNN
Lone Rock,KLNR
Lancaster,KLNS
Philadelphia,KLOM
Lockport,KLOT
Louisville,KLOU
Lompoc,KLPC
Lorain-Elyria,KLPR
Laredo,KLRD
Jacksonville,KLRF
Mount Pleasant,KLRO
Las Cruces,KLRU
La Crosse,KLSE
Fort Benning,KLSF
Las Vegas,KLSV
Altus,KLTS
Luray,KLUA
Phoenix,KLUF
Cincinnati,KLUK
Livermore,KLVK
Livingston-Montana,KLVM
Las Vegas,KLVS
South Haven,KLWA
Lewisburg,KLWB
Lawrence,KLWC
Lawrence,KLWM
Lewiston,KLWS
Lewistown,KLWT
Lynchburg,KLYH
Lawrenceville,KLZU
Mattawa,KM94
Madera,KMAE
Midland,KMAF
Manistee,KMBL
Saginaw,KMBS
Sacramento,KMCC
Merced,KMCE
Tampa,KMCF
Kansas City,KMCI
McCook,KMCK
Macon,KMCN
Orlando,KMCO
Mason City,KMCW
Huntsville,KMDQ
Harrisburg,KMDT
Chicago,KMDW
Meridian,KMEI
Memphis,KMEM
Merced,KMER
Mansfield,KMFD
Mcallen,KMFE
Marshfield,KMFI
Medford,KMFR
Michigan City,KMGC
Marietta,KMGE
Montgomery,KMGJ
MONTGOMERY,KMGM
Morgantown,KMGW
Dayton,KMGY
Manhattan,KMHK
Sacramento,KMHR
Manchester NH,KMHT
Mojave,KMHV
Miami,KMIA
Minot,KMIB
Crystal,KMIC
Millville,KMIV
Kansas City,KMKC
Milwaukee,KMKE
Muskegon,KMKG
Jackson,KMKL
Muskogee,KMKO
Marco Island Airport,KMKY
Melbourne,KMLB
Mcalester,KMLC
Malad City,KMLD
Moline,KMLI
Milledgeville,KMLJ
Miles City,KMLS
Millinocket,KMLT
Monroe,KMLU
Mammoth Lakes,KMMH
Athens,KMMI
Morristown,KMMU
Mackminnville,KMMV
Macon,KMNM
Mobile,KMOB
Modesto,KMOD
Minot,KMOT
Mariposa,KMPI
Kampot,KMPT
Montpelier,KMPV
Manteo,KMQI
Coatesville,KMQS
Marquette,KMQT
Smyrna,KMQY
Martinsburg,KMRB
Morganton,KMRN
Monterey,KMRY
Muscle Shoals,KMSL
Madison,KMSN
Missoula,KMSO
Minneapolis,KMSP
Massena,KMSS
New Orleans,KMSY
Mount Clemens,KMTC
Marathon,KMTH
Montrose CO,KMTJ
Baltimore,KMTN
Muir,KMUI
Mountain Home,KMUO
Morrisville,KMVL
Vineyard Haven MA,KMVY
Marion,KMWA
Milwaukee,KMWC
Grant County Airport,KMWH
Mineral Wells,KMWL
Windom,KMWM
Montgomery,KMXF
McCall,KMYL
Myrtle Beach,KMYR
Yuba City,KMYV
Marana,KMZJ
Beaufort,KNBC
New Orleans,KNBG
Glenview,KNBU
Jacksonville,KNCA
Cuxhaven,KNDZ
Lakehurst,KNEL
New Orleans,KNEW
Fallon,KNFL
Dallas,KNFW
Corpus Christi,KNGP
Norfolk,KNGU
Alameda,KNGZ
Patuxent River,KNHK
China,KNID
Jacksonville,KNIP
El Centro,KNJK
Cherry Point,KNKT
Miramar,KNKX
Lemoore,KNLC
Meridian,KNMM
Newport,KNOP
Port Angeles,KNOW
Pensacola,KNPA
Millington,KNQA
Kingsville,KNQI
Key West,KNQX
Milton,KNSE
San Nicolas Island,KNSI
Point Mugu,KNTD
Oceana,KNTU
San Clemente Island,KNUC
Mountain View,KNUQ
Whidbey Island,KNUW
Twenty Nine Palms,KNXP
Willow Grove,KNXX
Quantico,KNYG
Santa Ana,KNZJ
San Diego,KNZY
Jacksonville NC,KOAJ
Oakland,KOAK
Fort Ord,KOAR
Okeechobee,KOBE
Ocala,KOCF
Coldwater,KOEB
Omaha,KOFF
Ogdensburg,KOGS
Olathe,KOJC
Fraser Island,KOKB
Oklahoma City,KOKC
Wolf Point,KOLF
Olympia,KOLM
Koln,KOLN
Nogales,KOLS
Olive Branch,KOLV
Omaha,KOMA
Ormond Beach,KOMN
Ontario,KONO
Ontario,KONT
Miami,KOPF
West Goshen Township,KOQN
North Kingstown,KOQU
Chicago,KORD
Norfolk,KORF
Worcester,KORH
Orlando,KORL
Eastsound,KORS
Oscoda,KOSC
Oshkosh,KOSH
Columbus,KOSU
North Bend,KOTH
Owensboro,KOWB
Norwood,KOWD
Oxford,KOXC
Oxnard,KOXR
Ozona,KOZA
Cooldige,KP08
Cottonwood,KP52
Everett,KPAE
PADUCAH,KPAH
Panama City,KPAM
Palo Alto,KPAO
Pine Bluff,KPBF
Plattsburgh,KPBG
Phillips,KPBH
West Palm Beach,KPBI
Pikeville,KPBX
Port Clinton,KPCW
Waupaca,KPCZ
Atlanta,KPDK
Pendleton,KPDT
Portland,KPDX
Pecos,KPEQ
Panama City,KPFN
Page,KPGA
Punta Gorda,KPGD
Greenville,KPGV
New Philadelpha,KPHD
Newport News,KPHF
Pahokee,KPHK
Philadelphia,KPHL
Port Huron,KPHN
Phoenix,KPHX
Peoria,KPIA
Hattiesburg/Laurel,KPIB
St. Petersburg,KPIE
Pocatello,KPIH
Pine Mountain,KPIM
Pierre,KPIR
Pittsburgh,KPIT
Zelienople,KPJC
PARKERSBURG,KPKB
Pellston,KPLN
Pembina,KPMB
Palmdale,KPMD
Pompano Beach,KPMP
Ponca City,KPNC
Philadelphia,KPNE
Princeton,KPNM
Pensacola,KPNS
Fort Bragg,KPOB
La Verne,KPOC
Fort Polk,KPOE
Poplar Bluff,KPOF
Presque Isle,KPQI
Prescott,KPRC
Portsmouth,KPSM
Palm Springs,KPSP
Palacios,KPSX
Petersburg,KPTB
Pontiac,KPTK
Pueblo,KPUB
Price,KPUC
Pullman,KPUW
Provincetown,KPVC
Providence,KPVD
Provo,KPVU
Chicago-Wheeling,KPWK
Portland,KPWM
Bremerton,KPWT
Plymouth,KPYM
Centre,KPYP
Akutan,KQA
Racine,KRAC
Riverside,KRAL
Rapid City,KRAP
Dallas,KRBD
Red Bluff,KRBL
Robinson,KRBM
Rapid City,KRCA
Rockingham,KRCZ
Redding,KRDD
Reading,KRDG
Redmond-Bend,KRDM
Red River,KRDR
Raleigh-durham,KRDU
Redlands,KREI
Rockford,KRFD
Rhinelander,KRHI
Richmond,KRIC
Richmond,KRID
Richfield,KRIF
Rifle,KRIL
Riverside,KRIR
Rancho Murieta,KRIU
Riverside,KRIV
Riverton WY,KRIW
Rockland,KRKD
Rockport,KRKP
Rock Springs,KRKS
Rome,KRME
Rome,KRMG
Marshall,KRMY
San Antonio,KRND
Ramona,KRNM
Reno,KRNO
Renton,KRNT
Roanoke VA,KROA
Rochester,KROC
Roswell,KROW
Rochester,KRST
Fort Myers,KRSW
Rutland,KRUT
Tulsa,KRVS
Rocky Mount,KRWI
Atlanta,KRYY
Lebanon,KS30
Prineville,KS39
Prosser,KS40
SARATOGA,KSAA
Sacramento,KSAC
Safford,KSAD
Santa Fe,KSAF
San Diego,KSAN
San Antonio,KSAT
Savannah,KSAV
Gwinn,KSAW
Santa Barbara,KSBA
San Bernardino,KSBD
Sheboygan,KSBM
South Bend,KSBN
Santa Barbara,KSBO
San Luis Obispo,KSBP
Steamboat Springs,KSBS
Salisbury,KSBY
Scotia NY,KSCH
Stockton,KSCK
Williamson,KSDC
Louisville,KSDF
Scottsdale,KSDL
San Diego,KSDM
Sidney,KSDY
Seattle,KSEA
El Cajon,KSEE
Sebring,KSEF
Selma,KSEM
Selma Alabama,KSES
Sedona,KSEZ
Sanford,KSFB
Spokane,KSFF
San Francisco,KSFO
Smithfield,KSFZ
Springfield,KSGF
Springfield,KSGH
St. Augustine Airport,KSGJ
Sugar Land,KSGR
Saint George,KSGU
Weyers Cave,KSHD
Sheridan,KSHR
Shreveport,KSHV
Sikeston,KSIK
San Jose,KSJC
San Angelo,KSJT
Spokane,KSKA
San Antonio,KSKF
Sandusky,KSKY
Salt Lake City,KSLC
Salem,KSLE
Saranac Lake,KSLK
Salina,KSLN
Fort Wayne IN,KSMD
Somerset,KSME
Sacramento,KSMF
Salmon,KSMN
Santa Monica,KSMO
Somerville,KSMQ
Santa Maria,KSMX
Santa Ana,KSNA
Sidney,KSNY
Pinehurst-Southern Pines,KSOP
Show Low,KSOW
San Luis,KSPB
Spearfish-South Dakota,KSPF
St. Petersburg,KSPG
Springfield,KSPI
Wichita Falls,KSPS
Spencer,KSPW
Silver Springs,KSPZ
San Carlos,KSQL
Sarasota,KSRQ
Ruidoso,KSRR
Sumter,KSSC
Brunswick,KSSI
Saint Cloud,KSTC
Stevens Point,KSTE
Rosecrans,KSTJ
Sterling,KSTK
St. Louis,KSTL
St. Paul,KSTP
Santa Rosa,KSTS
Stuart,KSUA
Hailey,KSUN
Null,KSUS
Fairfield,KSUU
Sioux City,KSUX
Statesville,KSVH
Hunter Aaf,KSVN
Newburgh,KSWF
Syracuse,KSYR
Knobnoster,KSZL
Taunton,KTAN
Fort Leonardwood,KTBN
Tucumcari,KTCC
Tuscaloosa AL,KTCL
Tacoma,KTCM
Truth Or Consequences,KTCS
Teterboro,KTEB
Telluride,KTEX
Oklahoma City,KTIK
Tacoma,KTIW
DALLAS,KTKI
Tallahassee,KTLH
Tifton,KTMA
Kendall-tamiami,KTMB
Tillamook,KTMK
Miami,KTNT
Tonopah,KTNX
Torrance,KTOA
Toccoa,KTOC
Toledo,KTOL
Topeka,KTOP
Tampa,KTPA
Temple,KTPL
BRISTOL,KTRI
Truckee,KTRK
Palm Springs,KTRM
Troutdale,KTTD
Trenton,KTTN
Tulsa,KTUL
Tupelo,KTUP
Tucson,KTUS
Traverse City,KTVC
Thief River Falls,KTVF
Thomasville,KTVI
South Lake Tahoe,KTVL
Twin Falls,KTWF
Texarkana,KTXK
Tyler,KTYR
Columbus,KTZR
Adana,KUAB
Palm Springs,KUDD
Darlington,KUDG
Chicago,KUGN
Quincy,KUIN
Indianapolis,KUMP
Athens,KUNI
State College Pennsylvania,KUNV
Sewanee,KUOS
Tunica,KUTA
Uvalde,KUVA
Rock Hill,KUZA
Valdosta,KVAD
Mount Holly,KVAY
Lompoc,KVBG
Victoria,KVCT
Victorville,KVCV
Vernal,KVEL
Visalia,KVIS
Valdosta,KVLD
Venice,KVNC
Van Wert,KVNW
Van Nuys,KVNY
Camp Douglas,KVOK
Cartersville,KVPC
Valparaiso,KVPS
Jacksonville,KVQQ
Vero Beach,KVRB
Connellsville,KVVS
Peru,KVYS
Ocean Shores,KW04
Seattle,KW55
Wallops Island,KWAL
Wilkes-Barre,KWBW
Winder,KWDR
Los Angeles,KWHP
Macon,KWRB
Wrightstown,KWRI
Worland,KWRL
White Sands,KWSD
Washington County,KWST
Wildwood,KWWD
West Yellowstone,KWYS
Flagler,KXFL
Bentonville,KXNA
Tomah,KY72
Detroit,KYIP
Yakima,KYKM
Yankton,KYKN
Youngstown,KYNG
Yuma,KYUM
Zephyrhills,KZPH
Zuni Pueblo,KZUN
La Digue,LADG
Tirana,LATI
Haskovo,LB14
Bourgas,LBBG
Gorna Orechovica,LBGO
Plovdiv,LBPD
Sofia,LBSF
Stara Zagora,LBSZ
Varna,LBWN
Nicosia,LCEN
Larnaca,LCLK
Paphos,LCPH
Akrotiri,LCRA
Dubrovnik,LDDU
Mali Losinj,LDLO
Cepin,LDOC
Osijek,LDOS
Pula,LDPL
Grobnik,LDRG
Rijeka,LDRI
Brac,LDSB
Split,LDSP
Varazdin,LDVA
Zagreb,LDZA
Zadar,LDZD
Udbina,LDZU
Albacete,LEAB
Alicante,LEAL
Almeria,LEAM
Aviles,LEAS
Cordoba,LEBA
Bilbao,LEBB
Burgos,LEBG
Barcelona,LEBL
Badajoz,LEBZ
Das i Fontanals de Cerdanya,LECD
La Coruna,LECO
Lleida,LEDA
Segovia,LEFM
Granada,LEGA
Gerona,LEGE
Granada,LEGR
Madrid,LEGT
Huesca,LEHC
Ibiza,LEIB
Jerez,LEJR
Murcia,LELC
Sabadell,LELL
Leon,LELN
Logroño-Agoncillo,LELO
Madrid,LEMD
Malaga,LEMG
Menorca,LEMH
Sevilla,LEMO
Ocana,LEOC
Palma de Mallorca,LEPA
Pamplona,LEPP
Murcia,LERI
Ciudad Real,LERL
Reus,LERS
Rota,LERT
Salamanca,LESA
Son Bonet,LESB
Palma De Mallorca,LESJ
San Luis,LESL
San Sebastian,LESO
Santiago,LEST
Seo De Urgel,LESU
Madrid,LETO
Leuterschach,LEUT
Valencia,LEVC
Valladolid,LEVD
Madrid,LEVS
Vitoria,LEVT
Vigo,LEVX
Santander,LEXJ
Zaragoza,LEZG
Sevilla,LEZL
Calais,LFAC
Peronne,LFAG
Nangis,LFAI
Bagnole-de-l'orne,LFAO
Albert,LFAQ
Le Tourquet,LFAT
Valenciennes,LFAV
Amiens,LFAY
Agen,LFBA
Cazaux,LFBC
Bordeaux,LFBD
Bergerac,LFBE
Toulouse,LFBF
Cognac,LFBG
La Rochelle,LFBH
Poitiers,LFBI
Montlucon-gueret,LFBK
Limoges,LFBL
Mont-de-marsan,LFBM
Niort,LFBN
Toulouse,LFBO
Pau,LFBP
La Rochelle,LFBR
Tarbes,LFBT
Angouleme,LFBU
Perigueux,LFBX
Biarritz-bayonne,LFBZ
Cahors,LFCC
Andernos-Les-Bains,LFCD
St.-girons,LFCG
Arcachon,LFCH
Albi,LFCI
Castres,LFCK
Toulouse,LFCL
Millau,LFCM
Graulhet,LFCQ
Rodez,LFCR
Ussel,LFCU
Villeneuve-sur-lot,LFCW
Royan,LFCY
Mimizan,LFCZ
Aire-sur-l'adour,LFDA
Montauban,LFDB
Auch,LFDH
Libourne,LFDI
Pamiers,LFDJ
Marmande,LFDM
Rochefort,LFDN
Ouessant,LFEC
Pontivy,LFED
Aubigny-sur-nere,LFEH
Guiscriff-scaer,LFES
Saulieu,LFEW
Île d'Yeu,LFEY
Enghien-moisselles,LFFE
Chateau-Thierry,LFFH
Ancenis,LFFI
Brienne-le Chateau,LFFN
La Ferte Alais,LFFQ
Colmar,LFGA
Strasbourg Neudorf,LFGC
Beaune,LFGF
Dole,LFGJ
Joigny,LFGK
Pont Sur Yonne,LFGO
St Florentin Cheu,LFGP
Verdun,LFGW
Verdun,LFHM
Aubenas-vals-lanas,LFHO
Le Puy,LFHP
St.-flour,LFHQ
Bourg,LFHS
Vilefrance,LFHV
Moulins,LFHY
St.-afrique-belmont,LFIF
Cassagnes-beghones,LFIG
Metz,LFJL
Angers/Marcé,LFJR
Bastia,LFKB
Calvi,LFKC
Figari,LFKF
Ajaccio,LFKJ
Propriano,LFKO
Solenzara,LFKS
Corte,LFKT
Ajaccio,LFKX
Auxerre,LFLA
Chambery,LFLB
Clermont-Ferrand,LFLC
Bourges,LFLD
Chambery,LFLE
Chalon,LFLH
Annemasse,LFLI
Courcheval,LFLJ
Lyon,LFLL
Macon,LFLM
St.-yan,LFLN
Roanne,LFLO
Annecy,LFLP
Grenoble,LFLS
Montlucon,LFLT
Valence,LFLU
Vichy,LFLV
Aurillac,LFLW
Chateauroux,LFLX
Lyon,LFLY
Aix-les-milles,LFMA
Le Luc,LFMC
Cannes,LFMD
St-Etienne,LFMH
Istres,LFMI
Carcassonne,LFMK
Marseille,LFML
Nice,LFMN
Orange,LFMO
Perpignan,LFMP
Le Castellet,LFMQ
Ales,LFMS
Montpellier,LFMT
Beziers,LFMU
Avignon,LFMV
Salon,LFMY
Lezignan-corbieres,LFMZ
Mende,LFNB
Carpentras,LFNH
Avord,LFOA
Beauvais,LFOB
Chateaudun,LFOC
Saumur,LFOD
Evreux,LFOE
Le Havre,LFOH
Abbeville,LFOI
Orleans,LFOJ
Chalons,LFOK
Rouen,LFOP
Tours,LFOT
Cholet,LFOU
Laval,LFOV
Orleans,LFOZ
Paris,LFPB
Creil,LFPC
Meaux,LFPE
Paris,LFPG
Coulommiers,LFPK
Melun,LFPM
Toussous-le-noble,LFPN
Paris,LFPO
Pontoise,LFPT
Villacoublay,LFPV
Saint-Cyr,LFPZ
Reims,LFQA
Troyes,LFQB
Luneville,LFQC
Etain,LFQE
Autun,LFQF
Nevers,LFQG
Cambrai,LFQI
Maubeuge,LFQJ
Besancon-la-veze,LFQM
Phalsbourg,LFQP
Lille,LFQQ
Merville,LFQT
Charleville,LFQV
Vesoul-frotey,LFQW
Brest,LFRB
Cherbourg,LFRC
Dinard,LFRD
La Baule,LFRE
Granville,LFRF
Deauville,LFRG
Lorient,LFRH
La Roche-sur-yon,LFRI
Landivisiau,LFRJ
Caen,LFRK
Lanvedoc,LFRL
Le Mans,LFRM
Rennes,LFRN
Lannion,LFRO
Quimper,LFRQ
Nantes,LFRS
St.-brieuc Armor,LFRT
Morlaix,LFRU
Vannes,LFRV
St.-nazaire,LFRZ
Mulhouse,LFSB
Colmar,LFSC
Dijon,LFSD
Metz,LFSF
Epinal,LFSG
Haguenau,LFSH
St.-dizier,LFSI
Brive,LFSL
Montbeliard,LFSM
Nancy,LFSN
Nancy,LFSO
Pontarlier,LFSP
Belfort,LFSQ
Reims,LFSR
Strasbourg,LFST
Luxeuil,LFSX
Cuers,LFTF
Hyeres,LFTH
Frejus,LFTU
Nimes,LFTW
La Môle,LFTZ
Miquelon,LFVM
St.-pierre,LFVP
Amberieu,LFXA
Damblain,LFYD
Andravida,LGAD
Agrinion,LGAG
Alexandroupolis,LGAL
Athens,LGAT
Athens,LGAV
Alexandria,LGAX
Nea Anghialos,LGBL
Elefsis,LGEL
Chios,LGHI
Porto Heli,LGHL
Ikaria,LGIK
Ioannina,LGIO
Heraklion,LGIR
Kastoria,LGKA
Kithira,LGKC
Keffallinia,LGKF
Kastelorizo,LGKJ
Kalamata,LGKL
Kavala,LGKM
Kos,LGKO
Karpathos,LGKP
Kerkyra/corfu,LGKR
Kasos,LGKS
Kavala,LGKV
Kalymnos,LGKY
Kozani,LGKZ
Leros,LGLE
Limnos,LGLM
Larissa,LGLR
Megara,LGMG
Mykonos,LGMK
Milos,LGML
Mytilini,LGMT
Cyclades Islands,LGNX
Paros,LGPA
Astypalaia,LGPL
Preveza,LGPZ
Rhodos,LGRD
Rhodos,LGRP
Patras,LGRX
Chania,LGSA
Skiathos,LGSK
Samos,LGSM
Syros Island,LGSO
Sparti,LGSP
Thira,LGSR
Sitia,LGST
Stefanovikion,LGSV
Skiros,LGSY
Tanagra,LGTG
Kasteli,LGTL
Tripolis,LGTP
Thessaloniki,LGTS
Dekelia,LGTT
Zakynthos,LGZA
Budapest,LHBP
Debrecen,LHDC
Kecskemet,LHKE
Nyirregyhaza,LHNY
Ocseny,LHOY
Papa,LHPA
Pécs-Pogány,LHPP
Győr,LHPR
Azentkilyszabadja,LHSA
Sármellék,LHSM
Szolnok,LHSN
Amendola,LIBA
Crotone,LIBC
Bari,LIBD
Foggia,LIBF
Grottaglie,LIBG
Lecce,LIBN
Pescara,LIBP
Brindisi,LIBR
Gioia Del Colle,LIBV
Lamezia,LICA
Catania,LICC
Lampedusa,LICD
Pantelleria,LICG
Palermo,LICJ
Palermo,LICP
Reggio Calabria,LICR
Trapani,LICT
Sigonella,LICZ
Alghero,LIEA
Decimomannu,LIED
Cagliari,LIEE
Olbia,LIEO
Oristano,LIER
Tortoli,LIET
Como,LILY
Turin,LIMA
Milano,LIMB
Milano,LIMC
Bergamo,LIME
Torino,LIMF
Albenga,LIMG
Genoa,LIMJ
Milan,LIML
Cameri,LIMN
Parma,LIMP
Piacenza,LIMS
Aosta,LIMW
Cuneo,LIMZ
Lindau,LIND
Aviano,LIPA
Bolzano,LIPB
Cervia,LIPC
Bologna,LIPE
Treviso,LIPH
Rivolto,LIPI
Forli,LIPK
Ghedi,LIPL
Verona,LIPN
Brescia,LIPO
Ronchi De Legionari,LIPQ
Rimini,LIPR
Treviso,LIPS
Vicenza,LIPT
Padova,LIPU
Venice,LIPV
Villafranca,LIPX
Ancona,LIPY
Venice,LIPZ
Siena,LIQS
Rome,LIRA
Pratica Di Mare,LIRE
Rome,LIRF
Guidonia,LIRG
Salerno,LIRI
Marina Di Campo,LIRJ
Latina,LIRL
Grazzanise,LIRM
Naples,LIRN
Pisa,LIRP
Florence,LIRQ
Grosseto,LIRS
Rome,LIRU
Viterbo,LIRV
Perugia,LIRZ
Cerklje,LJCE
Ljubljana,LJLJ
Maribor,LJMB
Portoroz,LJPZ
Slovenj Gradec,LJSG
Benesov,LKBE
Bubovice,LKBU
Ceske Budejovice,LKCS
Caslav,LKCV
Hradec Kralove,LKHK
Horovice,LKHV
Praha,LKKB
Klatovy,LKKT
Kunovice,LKKU
Karlovy Vary,LKKV
Line,LKLN
Mnichovo Hradiste,LKMH
Ostrava,LKMT
Namest,LKNA
Pardubice,LKPD
Pribram,LKPM
Prerov,LKPO
Prague,LKPR
Roudnice nad Lebem,LKRO
Sazena,LKSZ
Brno,LKTB
Usti Nad Labem,LKUL
Vysoke Myto,LKVM
Vodochody,LKVO
Tel-aviv,LLBG
Beer-sheba,LLBS
Tel-nof,LLEK
Eyn-shemer,LLES
Elat,LLET
Eyn-yahav,LLEY
Haifa,LLHA
Haztor,LLHS
Rosh Pina,LLIB
Megido Airstrip,LLMG
Metzada,LLMZ
Nevatim,LLNV
Ovda,LLOV
Ramat David,LLRD
Ramon,LLRM
Tel-aviv,LLSD
Gozo,LMMG
Malta,LMML
Krems,LOAG
Wiener Neustadt Ost,LOAN
Bad Voeslau,LOAV
Punitz-Guessing,LOGG
Niederoeblarn,LOGO
Hohenems,LOIH
St. Johann in Tirol,LOIJ
Notsch Im Gailtal,LOKN
Wels,LOLW
Mauterndorf,LOSM
Graz,LOWG
Innsbruck,LOWI
Klagenfurt,LOWK
Linz,LOWL
Salzburg,LOWS
Vienna,LOWW
Zell am See,LOWZ
Klagenfurt,LOXK
Tulln,LOXT
Zeltweg,LOXZ
Alverca,LPAR
Aveiro,LPAV
Santa Maria (island),LPAZ
Braganca,LPBG
Beja (madeira),LPBJ
Braga,LPBR
Coimba,LPCO
Corvo,LPCR
Cascais,LPCS
Covilha,LPCV
Evora,LPEV
Flores,LPFL
Faro,LPFR
Graciosa Island,LPGR
Horta,LPHR
Lajes (terceira Island),LPLA
Funchal,LPMA
Monte Real,LPMR
Montijo,LPMT
Ovar,LPOV
Ponta Delgada,LPPD
Pico,LPPI
Portimao,LPPM
Porto,LPPR
Porto Santo,LPPS
Lisbon,LPPT
Sao Jorge Island,LPSJ
Sintra,LPST
Tancos,LPTN
Vila Real,LPVR
Viseu,LPVZ
Banja Luka,LQBK
Mostar,LQMO
Sarajevo,LQSA
Null,LQTZ
Arad,LRAR
Bacau,LRBC
Brasov,LRBG
Baia Mare,LRBM
Bucharest,LRBS
Constanta,LRCK
Cluj-napoca,LRCL
Caransebes,LRCS
Craiova,LRCV
Iasi,LRIA
La Riviere,LRIV
Targu Mures,LRMS
Oradea,LROD
Bucharest,LROP
Sibiu,LRSB
Satu Mare,LRSM
Suceava,LRSV
Timisoara,LRT2
Tulcea,LRTC
Tirgu Mures,LRTM
Timisoara,LRTR
Tuzla,LRTZ
Les Eplatures,LSGC
Ecuvillens,LSGE
Geneva,LSGG
Saanen,LSGK
Lausanne,LSGL
Neuchatel,LSGN
Prangins,LSGP
Reichenbach im Kandertal,LSGR
Sion,LSGS
Yverdon-Les-Bains,LSGY
Alpnach,LSMA
Dubendorf,LSMD
Emmen,LSME
Mollis,LSMF
Interlaken,LSMI
Lodrino,LSML
Meiringen,LSMM
Payerne,LSMP
Buochs,LSMU
Amlikon,LSPA
Quinto,LSPM
Triengen,LSPN
Olten,LSPO
Wangen-Lachen,LSPV
Raron,LSTA
St.Stephan,LSTS
Balzers,LSXB
Lugano,LSZA
Bern,LSZB
Buochs,LSZC
Birrfeld,LSZF
Grenchen,LSZG
Zurich,LSZH
Courtelary ,LSZJ
Fehraltorf,LSZK
Locarno,LSZL
Biel,LSZP
Altenrhein,LSZR
Samedan,LSZS
Lommis,LSZT
Ankara,LTAB
Ankara,LTAC
Ankara,LTAD
Ankara,LTAE
Adana,LTAF
Adana,LTAG
Afyon,LTAH
Antalya,LTAI
Gaziantep,LTAJ
Iskenderun,LTAK
Kastamonu,LTAL
Konya,LTAN
Malatya,LTAO
Merzifon,LTAP
Sivas,LTAR
Zonguldak,LTAS
Malatya,LTAT
Kayseri,LTAU
Sivrihisar,LTAV
Tokat,LTAW
Denizli,LTAY
Nevsehir,LTAZ
Istanbul,LTBA
Bursa,LTBE
Balikesir,LTBF
Bandirma,LTBG
Canakkale,LTBH
Eskisehir,LTBI
Izmir,LTBJ
Izmir,LTBK
Izmir,LTBL
Isparta,LTBM
Kutahya,LTBN
Usak,LTBO
Yalova,LTBP
Topel,LTBQ
Yenisehir,LTBR
Dalaman,LTBS
Akhisar,LTBT
Çorlu,LTBU
Bodrum,LTBV
Istanbul,LTBX
Eskissehir,LTBY
Kutahya,LTBZ
Elazig,LTCA
Diyabakir,LTCC
Erzincan,LTCD
Erzurum,LTCE
Kars,LTCF
Trabzon,LTCG
Sanliurfa,LTCH
Van,LTCI
Batman,LTCJ
Mus,LTCK
Siirt,LTCL
Sinop,LTCM
Kahramanmaras,LTCN
Agri,LTCO
Adiyaman,LTCP
Mardin,LTCR
Sanliurfa,LTCS
Igdir,LTCT
Bingol,LTCU
Hatay,LTDA
Izmir,LTFA
Izmir,LTFB
Isparta,LTFC
Balikesir Korfez,LTFD
Bodrum,LTFE
Alanya,LTFG
Samsun,LTFH
Istanbul,LTFJ
Saltsy,LUBL
Chisinau,LUKK
Gaza,LVGZ
Ohrid,LWOH
Lewisburg,LWSB
Skopje,LWSK
Gibraltar,LXGB
Belgrade,LYBE
Nis,LYNI
Podgorica,LYPG
Pristina,LYPR
Tivat,LYTV
Vrsac,LYVR
Bratislava,LZIB
Kosice,LZKZ
Malacky,LZMC
Piestany,LZPP
Sliac,LZSL
Trencin,LZTN
Poprad,LZTT
Žilina,LZZI
Madrid,MADC
Marktoberdorf,MARK
Marktoberdorf,MARO
Cockburn Town,MBGT
Middle Caicos,MBMC
North Caicos,MBNC
Providenciales,MBPV
South Caicos,MBSC
Salt Cay,MBSY
Samana,MDAB
Madrid,MDAT
Barahona,MDBH
Cabo Rojo,MDCR
Samana,MDCY
Constanza,MDCZ
Santo Domingo,MDHE
La Isabela,MDJB
Monte Plata,MDJS
La Romana,MDLR
Punta Cana,MDPC
Puerto Plata,MDPP
Santo Domingo,MDSD
San Isidoro,MDSI
Madison,MDSN
Santiago,MDST
Bananera,MGBN
Coban,MGCB
Guatemala City,MGGT
Puerto Barrios,MGPB
Santa Cruz des Quiche,MGQC
Quezaltenango,MGQZ
Retalhuleu,MGRT
San Jose,MGSJ
Flores,MGTK
Ahuas,MHAH
Brus Laguna,MHBL
La Ceiba,MHLC
San Pedro Sula,MHLM
Guanaja,MHNJ
Puerto Lempira,MHPL
Roatan,MHRO
Tela,MHTE
Tegucigalpa,MHTG
Trujillo,MHTJ
Utila,MHUT
Ocho Rios,MKBS
Montego Bay,MKJS
Port Antonio,MKKJ
Negril,MKNG
Mili Island,MLIP
Guasave,MM52
Salina Cruz,MM57
Acapulco,MMAA
Monterrey,MMAN
Aguascalientes,MMAS
Huatulco,MMBT
Cuernavaca,MMCB
Ciudad Acuna,MMCC
Cedros,MMCD
Ciudad Del Carmen,MMCE
Nuevo Casas Grandes,MMCG
Chilpancingo,MMCH
Culiacan,MMCL
Chetumal,MMCM
Ciudad Obregon,MMCN
Campeche,MMCP
Ciudad Juarez,MMCS
Chihuahua,MMCU
Ciudad Victoria,MMCV
Celaya,MMCY
Cozumel,MMCZ
Ciudad Constitución,MMDA
Durango,MMDO
Tepic,MMEP
Ensenada,MMES
Guadalajara,MMGL
Guaymas,MMGM
Guerrero Negro,MMGR
Tehuacan,MMHC
Hermosillo,MMHO
Colima,MMIA
Isla Mujeres,MMIM
Saltillo,MMIO
Iztepec,MMIT
Jalapa,MMJA
Lazard Cardenas,MMLC
Los Mochis,MMLM
Del Bajio,MMLO
La Paz,MMLP
Loreto,MMLT
Matamoros,MMMA
Merida,MMMD
Mexicali,MMML
Morelia,MMMM
Minatitlan,MMMT
Monclova,MMMV
Mexico City,MMMX
Monterrey,MMMY
Mazatlan,MMMZ
Nogales,MMNG
Nuevo Laredo,MMNL
Oaxaca,MMOX
Poza Rico,MMPA
Puebla,MMPB
Pachuca,MMPC
Punta Penasco,MMPE
Piedras Negras,MMPG
Uruapan,MMPN
Puerto Vallarta,MMPR
Puerto Escondido,MMPS
Queretaro,MMQT
Reynosa,MMRX
San Jose Del Cabo,MMSD
San Filipe,MMSF
Cabo San Lucas,MMSL
San Luis Potosi,MMSP
Tlaxcala,MMTA
Tuxtla Gutierrez,MMTB
Torreon,MMTC
Tuxtla Gutierrez,MMTG
Tijuana,MMTJ
Tampico,MMTM
Tamuin,MMTN
Toluca,MMTO
Tapachula,MMTP
Cancun,MMUN
Villahermosa,MMVA
Vera Cruz,MMVR
Zacatecas,MMZC
Zihuatanejo,MMZH
Zamora,MMZM
Manzanillo,MMZO
Zapopan,MMZP
Bluefields,MNBL
Los Brasiles,MNBR
Bonanza,MNBZ
Corn Island,MNCI
Leon,MNLN
Managua,MNMG
Puerto Cabezas,MNPC
Rosita,MNRT
San Carlos,MNSC
Siuna,MNSI
Waspam,MNWP
Montrose Alpha,MOA1
Bocas Del Toro,MPBO
Chitré,MPCE
Changuinola,MPCH
David,MPDA
Colón,MPEJ
Howard,MPHO
Jaqué,MPJE
Maplewood,MPLD
La Palma,MPLP
Panama,MPMG
Puerto Obaldia,MPOA
Santiago,MPSA
Panama City,MPTO
La Fortuna/San Carlos,MRAN
Roxana,MRAO
Buenos Aires,MRBA
Pococi,MRBC
Guapiles,MRCA
Coto 47,MRCC
Chacarita,MRCH
Carrillo,MRCR
Nicoya,MRCV
Puntarenas,MRDK
El Carmen,MREC
Finca 10,MRFI
Golfito,MRGF
Guapiles,MRGP
Marigot,MRGT
Nandayure,MRIA
Liberia,MRLB
Los Chiles,MRLC
Limon,MRLM
Nosara Beach,MRNS
San Jose,MROC
Pandora,MRPD
Puerto Jimenez,MRPJ
Palmar Sur,MRPM
San Jose,MRPV
Quepos,MRQP
Santa Clara,MRSG
Playa Samara,MRSR
Morristown,MRST
San Vito De Jaba,MRSV
Nicoya,MRTR
San Salvador,MSLP
San Salvador,MSSS
Cayes,MTCA
Cap Haitien,MTCH
Jacmel,MTJA
Jeremie,MTJE
Port-au-prince,MTPP
Port-de-Paix,MTPX
Fort de France,MTQE
Montreal,MTRL
Baracoa Playa,MUBA
Bayamo,MUBY
Ciego De Avila,MUCA
Cunagua,MUCC
Cienfuegos,MUCF
Cayo Largo del Sur,MUCL
Camaguey,MUCM
Santiago De Cuba,MUCU
Munich,MUCX
Florida,MUFL
Guantanamo,MUGM
Guantanamo,MUGT
Havana,MUHA
Holguin,MUHG
Kawama,MUKW
La Coloma,MULM
Moa,MUMO
Manzanillo,MUMZ
Nueva Gerona,MUNG
Munich,MUNI
Cayo Coco,MUOC
Baracoa Playa,MUPB
Pinar Del Rio Norte,MUPR
San Antonio De Banos,MUSA
Santa Clara,MUSC
Santa Lucia,MUSL
Siguanea,MUSN
Sancti Spiritus,MUSS
Trinidad,MUTD
Varadero,MUVR
Las Tunas,MUVT
Cayman Barac,MWCB
Little Cayman,MWCL
Georgetown,MWCR
Clarence Bain,MYAB
Andros Town,MYAF
Andros,MYAK
Marsh Harbor,MYAM
San Andros,MYAN
Spring Point,MYAP
Sandy Point,MYAS
Treasure Cay,MYAT
Chub Cay,MYBC
Bullocks Harbour,MYBG
Alice Town,MYBS
Arthur's Town,MYCA
Cat Island,MYCB
Colonel Hill,MYCI
Great Exuma,MYEF
George Town,MYEG
North Eleuthera,MYEH
Governor's Harbor,MYEM
Norman's Cay,MYEN
Rock Sound,MYER
Staniel Cay,MYES
Freeport,MYGF
Matthew Town,MYIG
Dead Man's Cay,MYLD
Stella Maris,MYLS
Mayaguana,MYMM
Nassau,MYNN
Nassau,MYPI
Duncan Town,MYRD
Port Nelson,MYRP
Cockburn Town,MYSM
San Pedro,MZ10
Belize City,MZBZ
Wotje Atoll,N36
Jabor Jaluit Atoll,N55
New Brunswick,NBWK
Aitutaki,NCAI
Atiu Island,NCAT
Mangaia Island,NCMG
Manihiki Island,NCMH
Mauke Island,NCMK
Mitiaro Island,NCMR
Penrhyn Island,NCPY
Avarua,NCRG
Cicia,NFCI
Nandi,NFFN
Malolo Lailai Island,NFFO
Vunisea,NFKD
Mana Island,NFMA
Moala,NFMO
Nausori,NFNA
Levuka,NFNB
Ngau,NFNG
Lakeba Island,NFNK
Lambasa,NFNL
Matei,NFNM
Koro Island,NFNO
Rotuma,NFNR
Savusavu,NFNS
Eua Island,NFTE
Tongatapu,NFTF
Lifuka,NFTL
"Angaha, Niuafo'ou Island",NFTO
Niuatoputapu,NFTP
Vava'u,NFTV
Vanua Balavu,NFVB
Abaiang Atoll,NGAB
Beru Island,NGBR
Funafuti,NGFU
Kuria,NGKT
Maiana,NGMA
Marakei,NGMK
Makin,NGMN
Nikunau,NGNU
Tarawa,NGTA
Abemama,NGTB
Tabiteuea North,NGTE
Tamana,NGTM
Nonouti,NGTO
Arorae,NGTR
Tabiteuea,NGTS
Butaritari,NGTU
Buariki,NGUK
Niagara Falls,NIAG
Alofi,NIUE
Futuna Island,NLWF
Wallis,NLWW
Faleolo,NSFA
Apia,NSFI
Fiti\\'uta,NSFQ
Savaii Island,NSMA
Pago Pago,NSTU
Papeete,NTAA
Rimatara,NTAM
Rurutu,NTAR
Tubuai,NTAT
Raivavae,NTAV
Anaa,NTGA
Fangatau,NTGB
Tikehau,NTGC
Apataki,NTGD
Reao,NTGE
Fakarava,NTGF
Manihi,NTGI
Totegegie,NTGJ
Kaukura Atoll,NTGK
Makemo,NTGM
Puka Puka,NTGP
Pukarua,NTGQ
Takapoto,NTGT
Arutua,NTGU
Mataiva,NTGV
Tureia,NTGY
Ahe,NTHE
Niau,NTKN
Takaroa,NTKR
Nuku Hiva,NTMD
Hiva-oa,NTMN
Ua Pou,NTMP
Ua Huka,NTMU
Bora Bora,NTTB
Tetiaroa,NTTE
Rangiroa,NTTG
Huahine Island,NTTH
Moorea,NTTM
Hao Island,NTTO
Maupiti,NTTP
Raiatea Island,NTTR
San Diego,NULL
Nurnberg,NURN
Ablow,NVSA
Sola,NVSC
Loh/Linua,NVSD
Sangafa,NVSE
Craig Cove,NVSF
Longana,NVSG
Pentecost Island,NVSH
Paama Island,NVSI
Lamap,NVSL
Lamen Bay,NVSM
Maewo Island,NVSN
Lonorore,NVSO
Norsup,NVSP
Gaua Island,NVSQ
Redcliffe,NVSR
Santo,NVSS
Tongoa Island,NVST
Ambryn Island,NVSU
Valesdir,NVSV
Walaha,NVSW
Malekula Island,NVSX
Olpoi,NVSZ
Anelghowhat,NVVA
Aniwa,NVVB
Dillon's Bay,NVVD
Futuna Island,NVVF
Ipota,NVVI
Port-vila,NVVV
Tiga,NWWA
Waala,NWWC
Kone,NWWD
Île des Pins,NWWE
Koumac,NWWK
Lifou,NWWL
Noumea,NWWM
Mare,NWWR
Touho,NWWU
Ouvea,NWWV
Noumea,NWWW
Rhinebeck,NY94
Auckland,NZAA
Taupo,NZAP
Ardmore,NZAR
Christchurch,NZCH
Chatham Island,NZCI
Dunedin,NZDN
Claris,NZGB
Gisborne,NZGS
Glentanner,NZGT
Hokitika,NZHK
Hamilton,NZHN
Hastings,NZHS
Ross Island,NZIR
Kaikoura,NZKI
Kerikeri,NZKK
Kaitaia,NZKT
Alexandra,NZLX
Mount Cook,NZMC
Milford Sound,NZMF
Motueka,NZMK
Manapouri,NZMO
Masterton,NZMS
New Plymouth,NZNP
NAPIER,NZNR
Nelson,NZNS
Invercargill,NZNV
Ohakea,NZOH
Oamaru,NZOU
McMurdo Station,NZPG
Palmerston North,NZPM
Picton,NZPN
Paraparaumu,NZPP
Queenstown International,NZQN
Stewart Island,NZRC
Rotorua,NZRO
Waiouru,NZRU
Stephen's Island,NZSP
Tauranga,NZTG
Takaka,NZTK
Lake Tekapo,NZTL
Timaru,NZTU
Pukaki,NZUK
Woodbourne,NZWB
Weydon,NZWD
Wanaka,NZWF
Wigram,NZWG
Whakatane,NZWK
Wellington,NZWN
Wairoa,NZWO
Whenuapai,NZWP
Whangarei,NZWR
Westport,NZWS
Whitianga,NZWT
Wanganui,NZWU
Bamyan,OABN
Lashkar Gah,OABT
Chaghcharan,OACC
Faizabad,OAFZ
Herat,OAHR
Kabul,OAIX
Jalalabad,OAJL
Kabul,OAKB
Kandahar,OAKN
Khost,OAKS
Maimama,OAMN
Mazar-i-sharif,OAMS
Sharona,OASA
Shindand,OASD
Sheberghan,OASG
Shank,OASH
Tarin Kowt,OATN
Kunduz,OAUZ
Camp Bastion,OAZI
Zaranj,OAZJ
Bahrain,OBBI
Bahrain,OBBS
Abha,OEAB
Al-ahsa,OEAH
Al-Ula,OEAO
El-baha,OEBA
Bisha,OEBH
Abqaiq,OEBQ
Dammam,OEDF
Dhahran,OEDR
Dawadmi,OEDW
Gizan,OEGN
Gassim,OEGS
Guriat,OEGT
Hail,OEHL
Jubail,OEJB
Jeddah,OEJF
Jeddah,OEJN
King Khalid Mil.city,OEKK
Madinah,OEMA
Nejran,OENG
Hafr Al-batin,OEPA
Petroline 3,OEPC
Petroline 6,OEPF
Petroline 10,OEPJ
Al Kharj,OEPS
Rabigh,OERB
Rafha,OERF
Riyadh,OERK
Rash Mishab,OERM
Arar,OERR
Ras Tanura,OERT
Shaybah,OESB
Sharurah,OESH
Al-Jawf,OESK
Sulayel,OESL
Tabuk,OETB
Taif,OETF
Thumamah,OETH
Ras Tanajib,OETN
Turaif,OETR
Wadi-al-dawasir,OEWD
Wejh,OEWJ
Yenbo,OEYN
Longview,OG39
Abadan,OIAA
Dezful,OIAD
Aghajari,OIAG
Gachsaran,OIAH
Masjed Soleiman,OIAI
Omidyeh,OIAJ
Bandar Mahshahr,OIAM
Ahwaz,OIAW
Abumusa I.,OIBA
Bushehr,OIBB
Bastak,OIBH
Golbandi,OIBI
Kish Island,OIBK
Bandar Lengeh,OIBL
Khalije Fars,OIBP
Khark Island,OIBQ
Siri Island,OIBS
Lavan Island,OIBV
Bakhtaran,OICC
Ilam,OICI
Khorram Abad,OICK
Sanandaj,OICS
Daran,OIFE
Esfahan,OIFH
Kashan,OIFK
Esfahan,OIFM
Sepah,OIFP
Shahre Kord,OIFS
Rasht,OIGG
Hamadan,OIHH
Arak,OIHR
Abe-ali,OIIA
Kushke Nosrat,OIIC
Teheran,OIID
Abyek,OIIE
Tehran,OIIE
Teheran,OIIG
Teheran,OIII
Ghazvin,OIIK
Khoram Dareh,OIIM
Bandar Abbas,OIKB
Jiroft,OIKJ
Kerman,OIKK
Bam,OIKM
Bandar Abbas,OIKP
Gheshm I.,OIKQ
Rafsanjan,OIKR
Sirjan,OIKY
Birjand,OIMB
Sarakhs,OIMC
Emam Shahr,OIMJ
Mashhad,OIMM
Bojnourd,OIMN
Sabzevar,OIMS
Tabas,OIMT
Kalaleh,OINE
Gorgan,OING
Noshahr,OINN
Ramsar,OINR
Dasht-e-naz,OINZ
Fasa,OISF
Jahrom,OISJ
Lar,OISL
Lamerd,OISR
Shiraz,OISS
Yasuj,OISY
Khoy,OITK
Ardabil,OITL
Maragheh,OITM
Parsabad,OITP
Uromiyeh,OITR
Tabriz,OITT
Zanjan,OITZ
Yazd,OIYY
Zabol,OIZB
Chah Bahar,OIZC
Zahedan,OIZH
Iran Shahr,OIZI
Saravan,OIZS
Amman,OJAI
Amman,OJAM
Aqaba,OJAQ
Hotel Four,OJHF
Jerusalem,OJJR
Mafraq,OJMF
Kuwait,OKAS
Kuwait,OKBK
Beirut,OLBA
Kleiat,OLKA
Abu Dhabi,OMAA
Abu Dhabi,OMAD
Al Hamra,OMAH
Jebel Dhana,OMAJ
Al Ain,OMAL
Abu Dhabi,OMAM
Arzana,OMAR
Das Island,OMAS
Zirku,OMAZ
Dubai,OMDB
Minhad AB,OMDM
Dubai,OMDW
Fujeirah,OMFJ
Ras Al Khaimah,OMRK
Sharjah,OMSJ
Khasab,OOKB
Masirah,OOMA
Muscat,OOMS
Marmul,OONR
Salalah,OOSA
Thumrait,OOTH
Bhagtanwala,OPBG
Bannu,OPBN
Bahawalpur,OPBW
Chitral,OPCH
Dalbandin,OPDB
Dera Ghazi Khan,OPDG
Dera Ismael Khan,OPDI
Faisalabad,OPFA
Gwadar,OPGD
Gilgit,OPGT
Jacobsbad,OPJA
Jiwani,OPJI
Karachi,OPKC
Hyderabad,OPKD
Khuzdar,OPKH
Lahore,OPLA
Lahore,OPLH
Mangla,OPMA
Muzaffarabad,OPMF
Mianwali,OPMI
Moenjodaro,OPMJ
Karachi,OPMR
Multan,OPMT
Nawabshah,OPNH
Okara,OPOK
Ormara Raik,OPOR
Parachinar,OPPC
Panjgur,OPPG
Pasni,OPPI
Peshawar,OPPS
Qasim,OPQS
Quetta,OPQT
Rahim Yar Khan,OPRK
Islamabad,OPRN
Risalpur,OPRS
Rawala Kot,OPRT
Skardu,OPSD
Sukkur,OPSK
Sehwan Sharif,OPSN
Saidu Sharif,OPSS
Sialkot,OPST
Sui,OPSU
Talhar,OPTH
Turbat,OPTU
Wana,OPWN
Zhob,OPZB
Al Asad,ORAA
Al Taqaddum,ORAT
Al Bakr,ORBD
Baghdad,ORBI
Mosul,ORBM
Erbil,ORER
Kirkuk,ORKK
Basrah,ORMM
Najaf,ORNI
Sulaymaniyah,ORSU
Aleppo,OSAP
Damascus,OSDI
Deire Zor,OSDZ
Kamishly,OSKL
Latakia,OSLK
Palmyra,OSPR
Doha,OTBD
Doha,OTBH
Aden,OYAA
Ataq,OYAT
Al Badie,OYBA
Beihan,OYBN
Al Ghaidah Intl,OYGD
Hodeidah,OYHD
Mukalla,OYRN
Sanaa,OYSN
Socotra,OYSQ
Sayun Intl,OYSY
Taiz,OYTZ
Atka,PAAK
Cold Bay,PAAL
Palmer,PAAQ
Barter Island,PABA
Bethel,PABE
Delta Junction,PABI
Buckland,PABL
Big Mountain,PABM
Barrow,PABR
Bettles,PABT
Cold Bay,PACD
Central,PACE
Chuathbaluk,PACH
Chalkyitsik,PACI
Chefornak,PACK
Clear Mews,PACL
Scammon Bay,PACM
Circle,PACR
Cordova,PACV
Yakataga,PACY
Cape Romanzof,PACZ
Deering,PADE
Adak Island,PADK
Dillingham,PADL
Marshall,PADM
Kodiak,PADQ
Unalaska,PADU
Kongiganak,PADY
Anchorage,PAED
Eek,PAEE
Eagle,PAEG
Cape Newenham,PAEH
Fairbanks,PAEI
Elfin Cove,PAEL
Emmonak,PAEM
Kenai,PAEN
Fairbanks,PAFA
Fort Wainwright,PAFB
Kake,PAFE
Ambler,PAFM
Fort Richardson,PAFR
Nikolai,PAFS
Galena,PAGA
Kwigillingok,PAGG
Shungnak,PAGH
Gulkana,PAGK
Golovin,PAGL
Gambell,PAGM
Angoon,PAGN
Gustavus,PAGS
Nightmute,PAGT
Skagway,PAGY
Holy Cross,PAHC
Huslia,PAHL
Haines,PAHN
Homer,PAHO
Hooper Bay,PAHP
Hughes,PAHU
Healy,PAHV
Shageluk,PAHX
Hydaburg,PAHY
Igiugig,PAIG
Egegik,PAII
Kiana,PAIK
Iliamna,PAIL
Indian Mountains,PAIM
McKinley Park,PAIN
Wales,PAIW
Juneau,PAJN
Koliganek,PAJZ
False Pass,PAKF
Akhiok,PAKH
Kipnuk,PAKI
Koyuk,PAKK
King Salmon,PAKN
Nikolski,PAKO
Anaktuvuk Pass,PAKP
Ketchikan,PAKT
Kuparuk,PAKU
Kaltag,PAKV
Klawock,PAKW
Karluk,PAKY
Larsen Bay,PALB
Kalskag,PALG
Anchorage,PALH
Port alsworth,PALJ
Cape Lisburne,PALU
Manokotak,PAMB
Mcgrath,PAMC
Lake Minchumina,PAMH
St. Michael,PAMK
Manley Hot Springs,PAML
Metakatla,PAMM
Mountain Village,PAMO
Anchorage,PAMR
Mekoryuk,PAMY
Anchorage,PANC
Aniak,PANI
Nondalton,PANO
Funter Bay,PANR
Annette Island,PANT
Nulato,PANU
Anvik,PANV
New Stuyahok,PANW
Kobuk,PAOB
Hoonah,PAOH
Nome,PAOM
Toksook Bay,PAOO
Northway,PAOR
Kotzebue,PAOT
Nelson Lagoon,PAOU
Point Barrow,PAPB
Port Clarence,PAPC
Perryville,PAPE
Petersburg,PAPG
Port Heiden,PAPH
Port Moller,PAPM
Pilot Point,PAPN
Prospect Creek,PAPR
Klawock,PAQC
Quinhagak,PAQH
Nuiqsut,PAQT
Arctic Village,PARC
Russian Mission,PARS
Ruby,PARY
Savoonga,PASA
Deadhorse,PASC
Sand Point,PASD
Shishmaref,PASH
Sitka,PASI
Selawik,PASK
Sleetmute,PASL
St Mary's,PASM
St. Paul Island,PASN
Sparrevohn,PASV
Shemya,PASY
Tin City,PATC
Teller,PATE
Togiak Village,PATG
Talkeetna,PATK
Tatalina,PATL
Atqasuk,PATQ
Alakanuk,PAUK
Unalakleet,PAUN
Chevak,PAVA
King Cove,PAVC
Valdez,PAVD
Venetie,PAVE
Kivalina,PAVL
Beaver,PAWB
Wrangell,PAWG
Wainwright,PAWI
White Mountain,PAWM
Noatak,PAWN
Whittier,PAWR
Fort Wainwright,PAWT
Yakutat,PAYA
Canton Island,PCIS
Akiak,PFAK
Allakaket,PFAL
Chenega,PFCB
Elim,PFEL
Kasigluk,PFKA
Kotlik,PFKO
Brevig Mission,PFKT
Koyukuk,PFKU
Kwethluk,PFKW
Noorvik,PFNO
Shaktoolik,PFSH
Tok,PFTO
South Naknek,PFWS
Fort Yukon,PFYU
Barcelona,PGRC
Rota,PGRO
Saipan,PGSN
Andersen,PGUA
Agana,PGUM
West Tinian,PGWT
Philipsburg,PHBG
Barking Sands,PHBK
Dillingham,PHDH
Wahiawa,PHHI
Hana,PHHN
Honolulu,PHIK
Lahania-kapalua,PHJH
Kapolei,PHJR
Kona,PHKO
Lihue,PHLI
Molokai,PHLU
Molokai,PHMK
Kamuela,PHMU
Kaneohe Bay,PHNG
Honolulu,PHNL
Lanai,PHNY
Kahului,PHOG
Bradshaw Field,PHSF
Philipsburg,PHSM
Hilo,PHTO
Opolu,PHUP
Pitt Island,PITT
Johnston Island,PJON
Eniwetok Atoll,PKMA
Majuro,PKMJ
Poughkeepsie,PKPS
Kwajalein,PKRO
Kwajalein,PKWA
Kiritimati,PLCH
Praslin,PLIN
Midway,PMDY
Phnom Penh,PNMP
Point Hope,PPHO
Point Lay,PPIZ
Puerto Vallarta,PRTV
Pasco,PSC
Seattle,PSEA
Kaieteur Falls,PSKA
Chuuk,PTKK
Pohnpei,PTPN
Babelthuap,PTRO
Kosrae,PTSA
Yap,PTYA
Wake island,PWAK
Mejit Atoll,Q30
Kili Island,Q51
Kinmen,RCBS
Cimei,RCCM
Pingtung,RCDC
Longtang,RCDI
Matsu Islands,RCFG
Fengnin,RCFN
Green Island,RCGI
Taoyuan,RCGM
Kaohsiung,RCKH
Chiayi,RCKU
Hengchun,RCKW
Taichung,RCLG
Lanyu,RCLY
Taichung,RCMQ
Matsu Islands,RCMT
Tainan,RCNN
Hsinchu,RCPO
Makung,RCQC
Taitung,RCQS
Pingtung,RCSQ
Taipei,RCSS
Taipei,RCTP
Wang An,RCWA
Hualien,RCYU
Regensburg,REGE
Red Hook,RHVI
Tokyo,RJAA
Matsumoto,RJAF
Ibaraki,RJAH
Minami Tori Shima,RJAM
Niijima,RJAN
Iwojima,RJAW
Osaka,RJBB
Nanki-shirahama,RJBD
Kobe,RJBE
Hiroshima,RJBH
Kohnan,RJBK
Toyooka,RJBT
Obihiro,RJCB
Sapporo,RJCC
Hakodate,RJCH
Chitose,RJCJ
Kushiro,RJCK
Memanbetsu,RJCM
Nakashibetsu,RJCN
Sapporo,RJCO
Tokachi,RJCT
Wakkanai,RJCW
Amakusa,RJDA
Iki,RJDB
Yamaguchi,RJDC
Tsushima,RJDT
Monbetsu,RJEB
Asahikawa,RJEC
Okushiri,RJEO
Rishiri Island,RJER
Ashiya,RJFA
Yakushima,RJFC
Fukue,RJFE
Fukuoka,RJFF
Tanegashima,RJFG
Kagoshima,RJFK
Miyazaki,RJFM
Nyutabaru,RJFN
Oita,RJFO
Kitakyushu,RJFR
Saga,RJFS
Kumamoto,RJFT
Nagasaki,RJFU
Kanoya,RJFY
Tsuiki,RJFZ
Nagoya,RJGG
Amami,RJKA
Okierabu,RJKB
Kikai,RJKI
Tokunoshima,RJKN
Nagoya,RJNA
Fukui,RJNF
Gifu,RJNG
Hamamatsu,RJNH
Kanazawa,RJNK
Oki Island,RJNO
Shizuoka,RJNS
Toyama,RJNT
Wajima,RJNW
Yaizu,RJNY
Hiroshima,RJOA
Okayama,RJOB
Izumo,RJOC
Akeno,RJOE
Hofu,RJOF
Miho,RJOH
Iwakuni,RJOI
Kochi,RJOK
Matsuyama,RJOM
Osaka,RJOO
Tottori,RJOR
Tokushima,RJOS
Takamatsu,RJOT
Iwami,RJOW
Osaka,RJOY
Ozuki,RJOZ
Aomori,RJSA
Yamagata,RJSC
Sado,RJSD
Fukushima,RJSF
Hachinoe,RJSH
Hanamaki,RJSI
Akita,RJSK
Misawa,RJSM
Niigata,RJSN
Odate Noshiro,RJSR
Sendai,RJSS
Matsushima,RJST
Shonai,RJSY
Atsugi,RJTA
Tateyama,RJTE
Hachijojima,RJTH
Iruma,RJTJ
Kisarazu,RJTK
Shimofusa,RJTL
Oshima,RJTO
Miyakejima,RJTQ
Zama,RJTR
Tokyo,RJTT
Yokota,RJTY
Muan,RKJB
Kwangju,RKJJ
Kunsan,RKJK
Mokpo,RKJM
Jhunju,RKJU
Yeosu,RKJY
Sokch'o,RKND
Kangnung,RKNN
Wonju,RKNW
Sokcho / Gangneung,RKNY
Cheju,RKPC
Seogwipo,RKPD
Chinhae,RKPE
Busan,RKPK
Sacheon,RKPS
Ulsan,RKPU
Pyongtaek,RKSG
Seoul,RKSI
Seoul East,RKSM
Osan,RKSO
Seoul,RKSS
Suwon,RKSW
Pohang,RKTH
Taegu,RKTN
Chongju,RKTU
Yechon,RKTY
Okinawa,ROAH
Iejima,RODE
Kadena,RODN
Ishigaki,ROIG
Kumejima,ROKJ
Kerama,ROKR
Minami Daito,ROMD
Miyako,ROMY
Aguni,RORA
Kitadaito,RORK
Shimojishima,RORS
Tarama,RORT
Yoron,RORY
Futema,ROTM
Yonaguni Jima,ROYN
Olongapo City,RPLB
Angeles City,RPLC
Laoag,RPLI
Manila,RPLL
Cuyo,RPLO
Legazpi,RPLP
Lubang,RPLU
General Santos City,RPMB
Cotabato,RPMC
Davao,RPMD
Butuan,RPME
Dipolog,RPMG
Camiguin,RPMH
Jolo,RPMJ
Ladag,RPML
Sanga Sanga,RPMN
Ozamis,RPMO
Pagadian,RPMP
Romblon,RPMR
Sangley Point,RPMS
Tandag,RPMW
Zamboanga,RPMZ
Siargao,RPNS
Taytay,RPSD
Baguio,RPUB
Daet,RPUD
Floridablanca,RPUF
Lingayen,RPUG
San Jose,RPUH
Lipa,RPUL
Mamburao,RPUM
Naga,RPUN
Basco,RPUO
Vigan,RPUQ
Baler,RPUR
San Fernando,RPUS
Tuguegarao,RPUT
Virac,RPUV
Gasan,RPUW
Cauayan,RPUY
Bagabag,RPUZ
Tacloban,RPVA
Bacolod,RPVB
Calbayog City,RPVC
Dumaguete,RPVD
Caticlan,RPVE
Catarman,RPVF
Guiuan,RPVG
Iloilo,RPVI
Masbate,RPVJ
Kalibo,RPVK
Cebu,RPVM
Masbate,RPVM
Ormoc City,RPVO
Puerto Princesa,RPVP
Roxas City,RPVR
San Jose,RPVS
Tagbilaran,RPVT
Romblon,RPVU
Busuanga,RPVV
Borongan,RPVW
Caticlan,RPXE
Roseau,RSAU
Lopez,S31
Concordia,SAAC
Gualeguaychu,SAAG
Junin,SAAJ
Parana,SAAP
Rosario,SAAR
Santa Fe,SAAV
Buenos Aires,SABE
Cordoba,SACO
Gobernador Gordillo,SACT
San Fernando,SADF
Jose C. Paz,SADJ
La Plata,SADL
Moron,SADM
El Palomar,SADP
Buenos Aires,SAEZ
Chosmadal,SAHC
Fuerte Gral Roca,SAHR
ZAPALA,SAHZ
Mendoza,SAME
Malargue,SAMM
San Rafael,SAMR
San Diego,SANB
Catamarca,SANC
Santiago Del Estero,SANE
Rio Hondo,SANH
Tinogasta,SANI
La Rioja,SANL
Chilecito,SANO
Tucuman,SANT
San Julian,SANU
Rio Cuarto,SAOC
Villa Dolores,SAOD
Laboulaye,SAOL
Marcos Juarez,SAOM
Villa Reynolds,SAOR
San Luis,SAOU
Corrientes,SARC
Resistencia,SARE
Formosa,SARF
Iguazu Falls,SARI
Paso De Los Libres,SARL
Monte Caseros,SARM
Posadas,SARP
Presidencia R.s.pena,SARS
Salta,SASA
Cafayate,SASC
Jujuy,SASJ
Oran,SASO
La Quiaca,SASQ
Tartagal,SAST
El Dorado,SATD
Goya,SATG
Obera,SATO
Reconquista,SATR
Curuzu Cuatia,SATU
El Bolson,SAVB
Comodoro Rivadavia,SAVC
Esquel,SAVE
Las Heras,SAVH
Ingeniero Jacobacci,SAVJ
San Antonio Oeste,SAVN
Alto Rio Senguer,SAVR
Sierra Grande,SAVS
Trelew,SAVT
Viedma,SAVV
Puerto Madryn,SAVY
El Calafate,SAWA
Marambio Base,SAWB
El Calafate,SAWC
Puerto Deseado,SAWD
Rio Grande,SAWE
Rio Gallegos,SAWG
Ushuaia,SAWH
San Julian,SAWJ
Perito Moreno,SAWP
Gobernador Gregores,SAWR
Jose de San Martin,SAWS
Santa Cruz,SAWU
Bahia Blanca,SAZB
Colonel Suarez,SAZC
Olavarria,SAZF
General Pico,SAZG
Tres Arroyos,SAZH
Bolivar,SAZI
Santa Teresita,SAZL
Mar Del Plata,SAZM
Neuquen,SAZN
Necochea,SAZO
Pehuajo,SAZP
Santa Rosa,SAZR
San Carlos De Bariloche,SAZS
Tandil,SAZT
Villa Gesell,SAZV
Cutralco,SAZW
San Martin Des Andes,SAZY
Conceicao Do Araguaia,SBAA
Rio De Janeiro,SBAF
Amapa,SBAM
Anapolis,SBAN
Araracuara,SBAQ
Aracaju,SBAR
Assis,SBAS
Alta Floresta,SBAT
Aracatuba,SBAU
Araxa,SBAX
Belem,SBBE
Bage,SBBG
Belo Horizonte,SBBH
Curitiba,SBBI
Braganca Paulista,SBBP
Barbacena,SBBQ
Brasilia,SBBR
Bauru,SBBU
Boa Vista,SBBV
Barra Do Garcas,SBBW
Cascavel,SBCA
Cabo Frio,SBCB
Itaituba,SBCC
Cacador,SBCD
Belo Horizonte,SBCF
Campo Grande,SBCG
Chapeco,SBCH
Carolina,SBCI
Parauapebas,SBCJ
Criciuma,SBCM
Caldas Novas,SBCN
Porto Alegre,SBCO
Campos,SBCP
Corumba,SBCR
Curitiba,SBCT
Caravelas,SBCV
Caxias Do Sul,SBCX
Cuiaba,SBCY
Cruzeiro do Sul,SBCZ
President Prudente,SBDN
Manaus,SBEG
Jacare-acanga,SBEK
Sao Pedro Da Aldeia,SBES
Foz Do Iguacu,SBFI
Florianopolis,SBFL
Fernando Do Noronha,SBFN
Fronteira,SBFT
Alpinopolis,SBFU
Fortaleza,SBFZ
Rio De Janeiro,SBGL
Guajara-mirim,SBGM
Goiania,SBGO
Macae,SBGP
Sao Paulo,SBGR
Guarapuava,SBGU
Governador Valadares,SBGV
Guaratingueta,SBGW
Altamira,SBHT
Itaituba,SBIC
Itaituba,SBIH
Ilheus,SBIL
Ipatinga,SBIP
Itumbiara,SBIT
Imperatriz,SBIZ
Belem,SBJC
Juiz De Fora,SBJF
Joao Pessoa,SBJP
Juazeiro Do Norte,SBJU
Joinville,SBJV
Campina Grande,SBKG
Campinas,SBKP
Lençóis,SBLE
Lajes,SBLJ
Lins,SBLN
Londrina,SBLO
Bom Jesus Da Lapa,SBLP
Lagoa Santa,SBLS
Maraba,SBMA
Minacu,SBMC
Almeirim,SBMD
Macaé,SBME
Maringa,SBMG
Montes Claros,SBMK
Marília,SBML
Manaus,SBMN
Maceio,SBMO
Macapa,SBMQ
Mocord,SBMS
Sao Paulo,SBMT
Mossoro,SBMW
Manicore,SBMY
Navegantes,SBNF
Santo Angelo,SBNM
Natal,SBNT
Oioiapoque,SBOI
Porto Alegre,SBPA
Parnaiba,SBPB
Pocos De Caldas,SBPC
Passo Fundo,SBPF
Palmas,SBPJ
Pelotas,SBPK
Petrolina,SBPL
Porto Nacional,SBPN
Ponta Pora,SBPP
Porto Seguro,SBPS
Porto Velho,SBPV
Vitória Da Conquista,SBQV
Rio Branco,SBRB
Recife,SBRF
Rio Grande,SBRG
Rio De Janeiro,SBRJ
Ribeirao Preto,SBRP
Rio De Janeiro,SBSC
Sao Jose Dos Campos,SBSJ
Sao Luis,SBSL
Santa Maria,SBSM
Santarem,SBSN
Sao Paulo,SBSP
Sao Jose Do Rio Preto,SBSR
Santos,SBST
Salvador,SBSV
Oriximina,SBTB
Una,SBTC
Toledo,SBTD
Teresina,SBTE
Tefe,SBTF
Tarauaca,SBTK
Telemaco Borba,SBTL
Obidos Tirios,SBTS
Tabatinga,SBTT
Tucurui,SBTU
Sao Gabriel,SBUA
Paulo Alfonso,SBUF
Uruguaiana,SBUG
Uberlandia,SBUL
Castilho,SBUP
Uberaba,SBUR
Varginha,SBVG
Vilhena,SBVH
Vitoria,SBVT
Iauarete,SBYA
Piracununga,SBYS
Arica,SCAR
Balmaceda,SCBA
Santiago,SCBQ
Chile Chico,SCCC
Calama,SCCF
Chillan,SCCH
Punta Arenas,SCCI
Caldera,SCCL
Coyhaique,SCCY
Iquique,SCDA
Santiago,SCEL
El Salvador,SCES
Antofagasta,SCFA
Porvenir,SCFM
Futaleufu,SCFT
Isla San Felix,SCFX
Los Angeles,SCGE
Puerto Williams,SCGZ
Copiapo,SCHA
Curico,SCIC
Concepcion,SCIE
Easter Island,SCIP
San Juan Bautista,SCIR
Osorno,SCJO
Vallenar,SCLL
Puerto Natales,SCNT
Pucon,SCPC
San Pedro de Atacama,SCPE
Rancagua,SCRG
Isla Rey Jorge,SCRM
Scranton,SCRT
La Serena,SCSE
Santiago,SCTB
Temuco,SCTC
Puerto Montt,SCTE
Chaiten,SCTN
Valdivia,SCVD
Vina del Mar,SCVM
Americana,SDAI
Campinas,SDAM
Botucatu,SDBK
Sao Paulo de Olivenca,SDCG
Sorocaba,SDCO
Saint Denis,SDNS
Nova Iguacu,SDNY
Ourilandia do Norte,SDOW
Sao Carlos,SDSC
Juiz de Fora,SDZY
Ambato,SEAM
Seattle,SEAT
Clementia,SECM
Coca,SECO
Cuenca,SECU
Galapagos,SEGS
Guayaquil,SEGU
Gualaquiza,SEGZ
Ibarra,SEIB
Isabela,SEII
Km-192,SEKK
Lago Agrio,SELA
La Julia,SELJ
Latacunga,SELT
Macara,SEMA
Macas,SEMC
Machala,SEMH
Montalvo,SEMO
Manta,SEMT
Maragrosa,SEMX
Pasaje,SEPS
Portoviejo,SEPV
Quevedo,SEQE
Quito,SEQU
Riobamba,SERB
Santa Rosa,SERO
Salinas,SESA
Santo Domingo,SESD
Pastaza,SESM
San Cristóbal,SEST
Taura,SETA
Tena,SETE
Tiputini,SETI
La Toma (Catamayo),SETM
Esmeraldas,SETN
Tarapoa,SETR
Tulcan,SETU
Stanley,SFAL
Asuncion,SGAS
Ayolas,SGAY
Conception,SGCO
Ciudad del Este,SGES
Itaipu,SGIB
Mariscal Estigarribia,SGME
Pilar,SGPI
Pedro Juan Caballero,SGPJ
South Aari Atoll,SIAM
Franca,SIMK
Bointo,SJDB
Confresa,SJHG
Bauru,SJTC
Araracuara,SKAC
Acandi,SKAD
Armenia,SKAR
Puerto Asis,SKAS
El Banco,SKBC
Bucaramanga,SKBG
Bogota,SKBO
Barranquilla,SKBQ
Bahia Solano,SKBS
Buenaventura,SKBU
Capurgana,SKCA
Cucuta,SKCC
Condoto,SKCD
Cartagena,SKCG
Cali,SKCL
Tumaco,SKCO
Caucasia,SKCU
Corozal,SKCZ
El Bagre,SKEB
Barrancabermeja,SKEJ
Florencia,SKFL
Girardot,SKGI
Cartago,SKGO
Guapi,SKGP
Guaymaral,SKGY
Garzón,SKGZ
Ibague,SKIB
Ipiales,SKIP
Carepa,SKLC
Puerto Leguízamo,SKLG
La Mina,SKLM
La Pedrera,SKLP
Leticia,SKLT
Medellin,SKMD
Magangue,SKMG
Monteria,SKMR
Mitu,SKMU
Manizales,SKMZ
Nuquí,SKNQ
Neiva,SKNV
Ocana,SKOC
Otu,SKOT
Puerto Bolivar,SKPB
Puerto Carreno,SKPC
Puerto Inírida,SKPD
Pereira,SKPE
Pitalito,SKPI
Popayan,SKPP
Pasto,SKPS
Providencia,SKPV
Mariquita,SKQU
Rio Negro,SKRG
Rio Hacha,SKRH
Saravena,SKSA
San Jose Del Guaviare,SKSJ
Santa Marta,SKSM
San Andres Island,SKSP
San Vincente De Caguan,SKSV
Tolu,SKTL
Tame,SKTM
Arauca,SKUC
Quibdo,SKUI
Tulua,SKUL
Villa Garzon,SKVG
Valledupar,SKVP
Villavicencio,SKVV
Yopal,SKYP
Bermejo,SLBJ
Cochabamba,SLCB
Copacabana,SLCC
Chapacura,SLCH
Cobija,SLCO
Salt Lake City,SLCR
Guayaramerín,SLGY
La Paz,SLLP
Oruro,SLOR
Santa Lucia,SLPA
Potosi,SLPO
Puerto Rico/Manuripi,SLPR
Puerto Suarez,SLPS
Riberalta,SLRI
Rerrenabaque,SLRQ
Reyes,SLRY
Santa Ana,SLSA
San Borja,SLSB
Sucre,SLSU
Tarija,SLTJ
Trinidad,SLTR
Uyuni,SLUY
Villa Montes,SLVM
Santa Cruz,SLVR
Yacuiba,SLYA
Salazie,SLZI
Afobaka,SMAF
Albina,SMBN
Totness,SMCO
Drietabbetje,SMDA
Alapadu,SMDU
Zandery,SMJP
Kabalebo,SMKA
Kayser,SMKE
Anapaike,SMLA
Moengo,SMMO
Summit,SMMT
Nieuw Nickerie,SMNI
Paloemeu,SMPA
Apetina,SMPT
Siem Reap,SMRP
Sipaliwini,SMSI
Sarakreek,SMSK
Kwamelasemoetoe,SMSM
Stoelmans Eiland,SMST
Wageningen,SMWA
Paramaribo,SMZO
Barreiras,SNBR
Morro de Sao Paulo,SNCL
Alcantara,SNCW
Redencao,SNDC
Diamantina,SNDT
Sao Felix do Xingu,SNFX
Guanambi,SNGI
Iguatu,SNIG
Santana do Araguaia,SNKE
Sihanoukville,SNKV
Mucuri,SNMU
Oriximina,SNOX
Patos de Minas,SNPD
Caruaru,SNRU
Soure,SNSW
Valenca,SNVB
Breves,SNVS
Cayenne,SOCA
Grand-Santi,SOGS
Maripasoula,SOOA
St.-georges Oyapock,SOOG
Saint-Laurent-du-Maroni,SOOM
Saul,SOOS
Huancabamba,SPAB
Andoas,SPAS
Atalaya,SPAY
Caballococha,SPBC
Iberia,SPBR
Tocache,SPCH
Pucallpa,SPCL
Chimbote,SPEO
Puerto Esperanza,SPEP
Moquegua,SPEQ
Chiclayo,SPHI
Ayacucho,SPHO
Andahuaylas,SPHY
Anta,SPHZ
Lima,SPIM
Juanjui,SPJI
Jauja,SPJJ
Juliaca,SPJL
Cajamarca,SPJR
Ilo,SPLO
Las Palmas,SPLP
Tumbes,SPME
Saint Pierre,SPMQ
Yurimaguas,SPMS
Huánuco,SPNC
Collique,SPOL
Chachapoyas,SPPY
Iquitos,SPQT
Arequipa,SPQU
San Ramon,SPRM
Trujillo,SPRU
Pisco,SPSO
Tarapoto,SPST
Tacna,SPTN
Puerto Maldonado,SPTU
Piura,SPUR
Talara,SPYL
Nazca,SPZA
Cuzco,SPZO
BLUMENAU,SSBL
Concordia,SSCK
Dourados,SSDO
Erechim,SSER
Francisco Beltrao,SSFB
Joacaba,SSJA
Umuarama,SSUM
Santa Rosa,SSZR
Charlotte Amalie,STCB
Southeast,STHT
Saint-Louis,STLS
Saint Pierre,STPR
Montevideo,SUAA
Colonia,SUCA
Durazno,SUDU
Camelo,SULO
Punta del Este,SULS
Montevideo,SUMU
Maldonado,SUPE
Rivera,SURV
Salto,SUSO
Acarigua,SVAC
Anaco,SVAN
San Fernando Deatabapo,SVAT
Barcelona,SVBC
Barinas,SVBI
Maracaibo,SVBL
Barquisimeto,SVBM
Maracay,SVBS
Silver City,SVC
Ciudad Bolivar,SVCB
Caicara De Orinoco,SVCD
San Carlos,SVCJ
Calabozo,SVCL
Canaima,SVCN
Carora,SVCO
Carupano,SVCP
Coro,SVCR
Caracas,SVCS
Cumana,SVCU
Carrizal,SVCZ
El Dorado,SVED
Elorza,SVEZ
Guasdualito,SVGD
Guiria,SVGI
Guanare,SVGU
Higuerote,SVHG
Isla De Coche,SVIE
Paraguana,SVJC
San Juan De Los Morros,SVJM
La Fria,SVLF
La Orchila,SVLO
Maracaibo,SVMC
Merida,SVMD
Porlamar,SVMG
Caracas,SVMI
Maturin,SVMT
Puerto Ayacucho,SVPA
Puerto Cabello,SVPC
San Cristobal,SVPM
Guayana,SVPR
Palmarito,SVPT
Los Roques,SVRS
San Antonio,SVSA
Santa Barbara,SVSB
Santa Ana De Uairen,SVSE
Sevilla,SVSJ
Santo Domingo,SVSO
San Felipe,SVSP
San Fernando De Apure,SVSR
San Tome,SVST
Santa Barbara,SVSZ
Tucupita,SVTC
Tumeremo,SVTM
Valencia,SVVA
El Vigía,SVVG
Valera,SVVL
Valle De La Pascua,SVVP
Barcelos,SWBC
Borba,SWBR
Carauari,SWCA
Diamantino,SWDM
Eirunepe,SWEI
Lucas do Rio Verde,SWFE
Sao Felix do Araguaia,SWFX
Gurupi,SWGI
Araguaina,SWGN
Humaita,SWHT
Ji-Paraná,SWJI
Coari,SWKO
Labrea,SWLB
Rio Verde,SWLC
Maturaca,SWMK
Maues,SWMW
Novo Aripuana,SWNA
Fonte Boa,SWOB
Parintins,SWPI
Rondonopolis,SWRD
Sinop,SWSI
Santa Terezinha,SWST
Santa Isabel do Rio Negro,SWTP
Porto Urucu,SWUY
Annai,SYAN
Apoteri,SYAP
Georgetown,SYCJ
Georgetown,SYGO
Imbaimadai,SYIB
Kaieteur,SYKA
Kamarang,SYKM
Linden,SYLD
Lethem,SYLT
Mabaruma,SYMB
Mahdia,SYMD
Orinduik,SYOR
Syracuse,SYTC
Antigua,TAPA
Codrington,TAPH
Bridgetown,TBPB
Canefield,TDCF
Dominica,TDPD
Tern,TEA1
Grande Anse,TFFA
Basse Terre,TFFB
St-François,TFFC
Fort-de-france,TFFF
St. Martin,TFFG
Gustavia,TFFJ
Grand Bourg,TFFM
Pointe-a-pitre,TFFR
Les Saintes,TFFS
Point Salines,TGPY
St. Thomas,TIST
St. Croix Island,TISX
Arecibo,TJAB
Aguadilla,TJBQ
Vieques Island,TJCG
Culebra Island,TJCP
Fajardo,TJFA
San Juan,TJIG
Mayaguez,TJMZ
Ceiba,TJNR
Ponce,TJPS
Ceiba,TJRV
San Juan,TJSJ
Basse Terre,TKPK
Charlestown,TKPN
Toledo,TLDO
Castries,TLPC
Hewandorra,TLPL
Oranjestad,TNCA
Kralendijk,TNCB
Willemstad,TNCC
Oranjestad,TNCE
Philipsburg,TNCM
Saba,TNCS
Taipei,TPEI
The Valley,TQPF
Treuchtlingen,TREU
Geralds,TRPG
Trenton,TRTC
Scarborough,TTCP
Port-of-spain,TTPP
Tortola,TUPJ
Spanish Town,TUPW
Bequia,TVSB
Canouan Island,TVSC
Mustique,TVSM
Union Island,TVSU
Kingstown,TVSV
Bermuda,TXKF
Batken,UA30
Alma-ata,UAAA
Balkhash,UAAH
Taldykorgan,UAAT
Tselinograd,UACC
Kokshetau,UACK
Petropavlosk,UACP
Dzhambul,UADD
Bishkek,UAFM
Osh,UAFO
Chimkent,UAII
Zhezkazgan,UAKD
Karaganda,UAKK
Baikonur,UAOL
Kzyl-Orda,UAOO
Uralsk,UARR
Ekibastuz,UASB
Ust Kamenogorsk,UASK
Pavlodar,UASP
Semiplatinsk,UASS
Aktau,UATE
Shevchenko,UATE
Atyrau,UATG
Aktyubinsk,UATT
Arkalyk,UAUR
Kostanay,UAUU
Stepanakert,UB13
Baku,UBBB
Ganja,UBBG
Lankaran,UBBL
Nakhchivan,UBBN
Qabala,UBBQ
Zaqatala,UBBY
Tamchy,UCFL
Stepanavan,UDLS
Gyumri,UDSG
Yerevan,UDYE
Yerevan,UDYZ
Batagay,UEBB
Aldan,UEEA
Yakutsk,UEEE
Neryungri,UELL
Honuu,UEMA
Khandyga,UEMH
Yakutsk,UEMM
Olekminsk,UEMO
Ust-Nera,UEMT
Ust-Maya,UEMU
OYMYAKON,UEMY
Aykhal,UERA
Lensk,UERL
Olenyok,UERO
Yakutia,UERP
Mirnyj,UERR
Saskylakh,UERS
Vitim,UERT
Srednekolymsk,UESK
Chokurdah,UESO
Cherskiy,UESS
Tiksi,UEST
Zyryanka,UESU
Deputatsky,UEVD
Kutaisi,UGKO
Batumi,UGSB
Sukhumi,UGSS
Tbilisi,UGTB
Blagoveschensk,UHBB
Khabarovsk,UHHH
Mar-Kuel,UHHK
Khabarovsk,UHHT
Komsomolsk-on-Amur,UHKD
Komsomolsk-on-Amur,UHKK
Anadyr,UHMA
Provideniya Bay,UHMD
Susuman,UHMH
Mys Shmidta,UHMI
Magadan,UHMM
Markovo,UHMO
Pevek,UHMP
Seymchan,UHMS
Evensk,UHMW
Okhotsk,UHOO
Ust Kamchatsk,UHPK
Kozyrevsk,UHPO
Petropavlovsk,UHPP
Yuzhno-sakhalinsk,UHSS
Kavalerovo,UHWK
Vladivostok,UHWW
Chita,UIAA
Chara,UIAR
Bratsk,UIBB
Ust Ilimsk,UIBS
Sredniiy,UIIB
Irkutsk,UIII
Irkutsk,UIIR
Bodaibo,UIKB
Kirensk,UIKK
Ust-Kut,UITT
Nizhneangarsk,UIUN
Ulan-ude,UIUU
Ujae Atoll,UJAP
Kiev,UKBB
Donetsk,UKCC
Mariupol International,UKCM
Lugansk,UKCW
Dnepropetrovsk,UKDD
Zaporozhye,UKDE
Krivoy Rog,UKDR
Sevastopol,UKFB
Simferopol,UKFF
Kerch,UKFK
Kharkov,UKHH
Poltava,UKHP
Cherkassy,UKKE
Kirovograd,UKKG
Kiev,UKKK
Kiev,UKKM
Zhytomyr,UKKV
Lutsk,UKLC
Khmeinitskiy,UKLH
Ivano-Frankivsk,UKLI
Lvov,UKLL
Chernovtsk,UKLN
Rivne,UKLR
Ternopol,UKLT
Uzhgorod,UKLU
Kherson,UKOH
Nikolayev,UKON
Odessa,UKOO
Chernigov,UKRR
Vinnitsa,UKWW
Arkhangelsk,ULAA
Mezen,ULAE
Arkhangelsk,ULAH
Arkhangelsk,ULAL
Naryan-Mar,ULAM
Solovetsky Islands,ULAS
Cherepovets,ULBC
Amderma,ULDD
Kotlas,ULKK
St. Petersburg,ULLI
Apatity,ULMK
Murmansk,ULMM
Velikiye Luki,ULOL
Pskov,ULOO
Petrozavodsk,ULPB
Sortavala,ULPW
Veliky Ustyug,ULWU
Vologda,ULWW
Brest,UMBB
Gomel,UMGG
Mozyr,UMGM
Vitebsk,UMII
Kaliningrad,UMKK
Minsk,UMMB
Hrodna,UMMG
Minsk,UMMM
Minsk 2,UMMS
Mogilev,UMOO
Abakan,UNAA
Barnaul,UNBB
Gorno-Altaysk,UNBG
Biysk,UNBI
Novosibirsk,UNCC
Kemorovo,UNEE
Baykit,UNIB
Yeniseysk,UNII
Bor,UNIP
Tura,UNIT
Vanavara,UNIW
Kodinsk,UNKI
Krasnoyarsk,UNKL
Krasnoyarsk,UNKM
Kyzyl,UNKY
Kolpashevo,UNLL
Novosibirsk,UNNE
Novosibirsk,UNNT
Omsk,UNOO
Strezhevoy,UNSS
Tomsk,UNTT
Novokuznetsk,UNWW
Dikson,UODD
Khatanga,UOHH
Igarka,UOII
Norilsk,UOOO
Turukhansk,UOTT
Anapa,URKA
Gelendzhik,URKG
Krasnodar,URKK
Grozny,URMG
Makhachkala,URML
Mineralnye Vody,URMM
Nalchik,URMN
Beslan,URMO
Stavropol,URMT
Rostov,URRR
Taganrog,URRT
Sochi,URSS
Astrakhan,URWA
Elista,URWI
Volgograd,URWW
Chelyabinsk,USCC
Magnetiogorsk,USCM
Salekhard,USDD
Berezovo,USHB
Khanty-Mansiysk,USHH
Nyagan,USHN
Beloyarsky,USHQ
Sovetskiy,USHS
Uraj,USHU
Izhevsk,USII
Kirov,USKK
Nadym,USMM
Novy Urengoy,USMU
Nizhnevartovsk,USNN
Raduzhnyi,USNR
Perm,USPP
Kogalym,USRK
Nefteyugansk,USRN
Noyabrsk,USRO
Surgut,USRR
Yekaterinburg,USSK
Yekaterinburg,USSS
Tyumen,USTR
Kurgan,USUU
Monument Valley,UT25
Ashkhabad,UTAA
Krasnovodsk,UTAK
Mary,UTAM
Dasoguz,UTAT
Chardzhou,UTAV
Dushanbe,UTDD
Kulyab,UTDK
Khudzhand,UTDL
Kurgan Tyube,UTDT
Andizhan,UTKA
Fergana,UTKF
Namangan,UTKN
Nukus,UTNN
Urgench,UTNU
Horog,UTOD
Navoi,UTSA
Bukhara,UTSB
Khanabad,UTSL
Zarafshan,UTSN
Samarkand,UTSS
Termez,UTST
Tashkent,UTTT
Kostroma,UUBA
Moscow,UUBB
Kostroma,UUBD
Ivanovo,UUBI
Rybinsk,UUBK
Bryansk,UUBP
Kaluga,UUBS
Ramenskoe,UUBW
Moscow,UUDD
Stupino,UUDG
Yaroslavl,UUDL
Moscow,UUEE
Tver,UUEM
YUR'EVETS,UUIC
Moscow,UUMO
Shchyolkovo,UUMU
Belgorod,UUOB
Kursk,UUOK
Lipetsk,UUOL
Voronezh,UUOO
Stary Oskol,UUOS
Tambow,UUOT
Moscow,UUWW
Vorkuta,UUYW
Ust-Tsylma,UUYX
Syktyvkar,UUYY
Nizhniy Novgorod,UWGG
Bugulma,UWKB
Kazan,UWKD
Nizhnekamsk,UWKE
Yoshkar-Ola,UWKJ
Cheboksary,UWKS
Ulyanovsk,UWLL
Ulyanovsk,UWLW
Adamovka,UWOD
Kvarkeno,UWOH
Orenburg,UWOO
Orsk,UWOR
Penza,UWPP
Saransk,UWPS
Balakovo,UWSB
Saratov,UWSS
Ufa,UWUU
Samara,UWWW
Diu,VA1P
Ahmedabad,VAAH
Akola,VAAK
Aurangabad,VAAU
Mumbai,VABB
Bilaspur,VABI
Bhuj,VABJ
Belgaum,VABM
Baroda,VABO
Bhopal,VABP
Bhaunagar,VABV
Daman,VADN
Deesa,VADS
Guna,VAGN
Goa,VAGO
Hubli,VAHB
Indore,VAID
Jabalpur,VAJB
Jamnagar,VAJM
Kandla,VAKE
Khajuraho,VAKJ
Kolhapur,VAKP
Keshod,VAKS
Nanded,VAND
Nagpur,VANP
Nasik Road,VANR
Pune,VAPO
Porbandar,VAPR
Rajkot,VARK
Raipur,VARP
Sholapur,VASL
Surat,VASU
Udaipur,VAUD
Colombo,VCBI
Anuradhapura,VCCA
Batticaloa,VCCB
Colombo,VCCC
Galoya,VCCG
Jaffna,VCCJ
Koggala,VCCK
Sigiriya,VCCS
Trinciomalee,VCCT
Wirawila,VCCW
Mattala,VCRI
Battambang,VDBG
Kompong Chnang,VDKH
Kratie,VDKT
Phnom-penh,VDPP
Siem-reap,VDSR
Stung Treng,VDST
Sihanoukville,VDSV
Along,VEAN
Agartala,VEAT
Aizwal,VEAZ
Baghdogra,VEBD
Shillong,VEBI
Bokaro,VEBK
Bhubaneswar,VEBS
Kolkata,VECC
Cooch-behar,VECO
Dhanbad,VEDB
Gorakhpur,VEGK
Guwahati,VEGT
Gaya,VEGY
Hirakud,VEHK
Imphal,VEIM
Jharsuguda,VEJH
Jamshedpur,VEJS
Jorhat,VEJT
Kailashahar,VEKR
Silchar,VEKU
Lilabari,VELR
Mohanbari,VEMN
Dimapur,VEMR
Mazuffarpur,VEMZ
Nawapara,VENP
Panagarh,VEPH
Patina,VEPT
Purnea,VEPU
Ranchi,VERC
Rourkela,VERK
Tezpur,VETZ
Utkela,VEUK
Vishakhapatnam,VEVZ
Zero,VEZO
Barisal,VGBR
Cox's Bazar,VGCB
Chittagong,VGEG
Ishurdi,VGIS
Jessore,VGJR
Rajshahi,VGRJ
Saidpur,VGSD
Sylhet Osmani,VGSY
Dhaka,VGTJ
Dhaka,VGZR
Hong Kong,VHHH
Sek Kong,VHSK
Hong Kong,VHST
Hong Kong,VHXX
Charlotte Amalie,VI22
Nagaur,VI73
Agra,VIAG
Allahabad,VIAL
Amritsar,VIAR
Bikaner,VIBK
Bakshi Ka Talab,VIBL
Varanasi,VIBN
Kulu,VIBR
Bhatinda,VIBT
Bhiwani,VIBW
Bareilly,VIBY
Chandigarh,VICG
Kanpur,VICX
Delhi,VIDD
Dehra Dun,VIDN
Delhi,VIDP
Kangra,VIGG
Gwalior,VIGR
Hissar,VIHR
Jhansi,VIJN
Jodhpur,VIJO
Jaipur,VIJP
Jaisalmer,VIJR
Jammu,VIJU
Kanpur,VIKA
Kota,VIKO
Ludhiaha,VILD
Leh,VILH
Lucknow,VILK
Pathankot,VIPK
Patiala,VIPL
Nainital,VIPT
Raibarelli,VIRB
Shimla,VISM
Saharanpur,VISP
Srinagar,VISR
Satna,VIST
Valdez,VLDZ
Huay Xai,VLHS
Luang Prabang,VLLB
Luang Namtha,VLLN
Muang Xay,VLOS
Pakse,VLPS
Phong Savanh,VLPV
Savannakhet,VLSK
Sam Neua,VLSN
Saravane,VLSV
Vientiane,VLVT
Phon Savan,VLXK
Macau,VMMC
Bajhang,VNBG
Bhojpur,VNBJ
Bharatpur,VNBP
Bajura,VNBR
Bhairawa,VNBW
Chandragarhi,VNCG
Chaurjhari,VNCJ
Dang,VNDG
Dhangarhi,VNDH
Dolpa,VNDP
Jumla,VNJL
Janakpur,VNJP
Jomsom,VNJS
Khanidanda,VNKD
Kangel Danda,VNKL
Kathmandu,VNKT
Lamidanda,VNLD
Lukla,VNLK
Manang,VNMA
Meghauli,VNMG
Nepalgunj,VNNG
Pokhara,VNPK
Phaplu,VNPL
Ramechhap,VNRC
Rukumkot,VNRK
Rumjatar,VNRT
Syangboche,VNSB
Simara,VNSI
Surkhet,VNSK
Simikot,VNST
Rara National Park,VNT1
Taplejung,VNTJ
Tumling Tar,VNTR
Biratnagar,VNVT
Agatti Island,VOAT
Bellary,VOBI
Bangalore,VOBL
Bidar,VOBR
Vijayawada,VOBZ
Coimbatore,VOCB
Kochi,VOCI
Calicut,VOCL
Cuddapah,VOCP
Carnicobar,VOCX
Dundigul,VODG
Hyderabad,VOHY
Madurai,VOMD
Mangalore,VOML
Madras,VOMM
Mysore,VOMY
Nagarjunsagar,VONS
Port Blair,VOPB
Pendicherry,VOPC
Rajahmundry,VORY
Salem,VOSM
Tanjore,VOTJ
Tirupeti,VOTP
Tiruchirappalli,VOTR
Trivandrum,VOTV
Tambaram,VOTX
Bangalore,VOYK
Thimphu,VQPR
Gan Island,VRMG
Haa Dhaalu Atoll,VRMH
Laamu Atoll,VRMK
Male,VRMM
Kooddoo,VRMO
Maamigili,VRMV
Bangkok,VTBD
Nakhon Pathom,VTBK
Lop Buri,VTBL
Trat,VTBO
Bangkok,VTBS
Pattaya,VTBU
Prachin Buri,VTBW
Chiang Mai,VTCC
Mae Hong Son,VTCH
Pai,VTCI
Lampang,VTCL
Nan,VTCN
Phrae,VTCP
Chiang Rai,VTCT
Phetchabun,VTPB
Prachuap Khiri Khan,VTPH
Nakhon Sawan,VTPI
Phetchabun,VTPL
Tak,VTPM
Nakhon Sawan,VTPN
Sukhothai,VTPO
Phitsanulok,VTPP
Tak,VTPT
Tak,VTPY
Satun,VTSA
Surat Thani,VTSB
Narathiwat,VTSC
Chumphon,VTSE
Nakhon Si Thammarat,VTSF
Krabi,VTSG
Songkhla,VTSH
Pattani,VTSK
Ko Samui,VTSM
Nakhon Si Thammarat,VTSN
Phuket,VTSP
Ranong,VTSR
Hat Yai,VTSS
Trang,VTST
Udon Thani,VTUD
Sakon Nakhon,VTUI
Surin,VTUJ
Khon Kaen,VTUK
Loei,VTUL
Nakhon Ratchasima,VTUN
Buri Ram,VTUO
Nakhon Ratchasima,VTUQ
Roi Et,VTUR
Ubon Ratchathani,VTUU
Roi Et,VTUV
Nakhon Phanom,VTUW
Buonmethuot,VVBM
Chu Lai,VVCA
Haiphong,VVCI
Ca Mau,VVCM
Nha Trang,VVCR
Conson,VVCS
Can Tho,VVCT
Dienbienphu,VVDB
Dalat,VVDL
Danang,VVDN
Hanoi,VVGL
Kep,VVKP
Hanoi,VVNB
Son-La,VVNS
Nhatrang,VVNT
Hue,VVPB
Phucat,VVPC
Pleiku,VVPK
Phuquoc,VVPQ
Phan Rang,VVPR
Rach Gia,VVRG
Tuy Hoa,VVTH
Ho Chi Minh City,VVTS
Vinh,VVVH
Ann,VYAN
Anisakan,VYAS
Bagan,VYBG
Banmaw,VYBM
Bokepyin,VYBP
Nyuang U,VYBR
Coco Island,VYCI
Dawei,VYDW
Naypyidaw,VYEL
Heho,VYHH
Hommalin,VYHL
Kengtung,VYKG
Khamti,VYKI
Kalemyo,VYKL
Kyaukpyu,VYKP
Kawthoung,VYKT
Loikaw,VYLK
Lashio,VYLS
Lanywa,VYLY
Mandalay,VYMD
Myeik,VYME
Myitkyina,VYMK
Mawlamyine,VYMM
Momeik,VYMO
Mong Hsat,VYMS
Magwe,VYMW
Monywa,VYMY
Nampong,VYNP
Namsang,VYNS
NAYPYITAW,VYNT
Hpa-an,VYPA
Pathein,VYPN
Putao,VYPT
Pakhokku,VYPU
Pyay,VYPY
Shante,VYST
Sittwe,VYSW
Thandwe,VYTD
Tachilek,VYTL
Taungoo,VYTO
Kyauktu,VYXG
Ye,VYYE
Yangon,VYYY
Pagerungan,WA19
Sulawesi Tenggara,WA44
Enumclaw,WA77
Ujung Pandang,WAAA
Biak,WABB
Nabire,WABI
Timika,WABP
Mataram,WADA
Bima,WADB
Denpasar,WADD
Praya,WADL
Sumbawa Island,WADS
Waikabubak-Sumba Island,WADT
Waingapu,WADW
Bokondini-Papua Island,WAJB
Jayapura,WAJJ
Waris-Papua Island,WAJR
Senggeh-Papua Island,WAJS
Wamena,WAJW
Merauke,WAKK
Tanjung Selor-Borneo Island,WALG
Datadawai-Borneo Island,WALJ
Tanjung Redep-Borneo Island,WALK
Balikpapan,WALL
Taraken,WALR
Samarinda,WALS
Tanjung Santan,WALT
Gorontalo,WAMG
Naha,WAMH
Palu,WAML
Manado,WAMM
Poso,WAMP
Morotai Island,WAMR
Ternate,WAMT
Luwuk,WAMW
Batu Licin,WAOC
Pangkalan Bun,WAOI
Tanjung-Borneo Island,WAON
Banjarmasin,WAOO
Palangkaraya,WAOP
Sampit-Borneo Island,WAOS
Langgur-Kei Islands,WAPL
Ambon,WAPP
Malang,WARA
Madiun,WARI
Yogyakarta,WARJ
Solo City,WARQ
Surabaya,WARR
Semarang,WARS
Fak Fak,WASF
Kaimana,WASK
Babo,WASO
Manokwari,WASR
Sorong,WASS
Maumere,WATC
Ende,WATE
Ruteng,WATG
Alor Island,WATM
Labuhan Bajo,WATO
Kupang,WATT
Mamuju,WAWJ
Masamba,WAWM
Soroako,WAWS
Makale,WAWT
Kendari,WAWW
Seria,WBAK
Bintulu,WBGB
Belaga,WBGC
Long Datih,WBGF
Kuching,WBGG
Long Seridan,WBGI
Limbang,WBGJ
Mukah,WBGK
Long Akah,WBGL
Marudi,WBGM
Bakalalan,WBGQ
Miri,WBGR
Sibu,WBGS
Lawas,WBGW
Bario,WBGZ
Lahad Datu,WBKD
Kota Kinabalu,WBKK
Labuan,WBKL
Tomanggong,WBKM
Sandakan,WBKS
Kudat,WBKT
Tawau,WBKW
Bandar Seri Begawan,WBSB
Tanjung Manis,WBTM
Whittier,WHIT
Nusawiru,WI1A
Pekanbaru,WIBB
Dumai,WIBD
Tangerang,WICB
Bandung,WICC
Cirebon,WICD
Tasikmalaya,WICM
Bandar Lampung-Sumatra Island,WICT
Batam,WIDD
Tanjung Pinang,WIDN
Singkep,WIDS
Jakarta,WIHH
Cilacap,WIHL
Jakarta,WIHP
Jakarta,WIII
Gunung Sitoli,WIMB
Padang Sidempuan,WIME
Padang,WIMG
Medan,WIMM
Sibolga,WIMS
Tanjung Pandan,WIOD
Nangapinoh,WIOG
Ketapang,WIOK
Anambas Islands,WIOM
Ranai-Natuna Besar Island,WION
Pontianak,WIOO
Putussibau-Borneo Island,WIOP
Sintang-Borneo Island,WIOS
Jambi,WIPA
Pangkal Pinang,WIPK
Bengkulu,WIPL
Palembang,WIPP
Talang Gudang-Sumatra Island,WIPQ
Rengat,WIPR
Padang,WIPT
Sabang,WITB
Lhok Sukon,WITL
Lhok Seumawe-Sumatra Island,WITM
Banda Aceh,WITT
Wilkes-Barre,WKBR
Kluang,WMAP
Tioman,WMBT
Alor Setar,WMKA
Butterworth,WMKB
Kota Bahru,WMKC
Kuantan,WMKD
Kerteh,WMKE
Simpang,WMKF
Ipoh,WMKI
Johor Bahru,WMKJ
Kuala Lumpur,WMKK
Pulau,WMKL
Malacca,WMKM
Kuala Terengganu,WMKN
Penang,WMKP
Pangkor Island,WMPA
Redang,WMPR
Kuala Lumpur,WMSA
Suai,WPDB
Dili,WPDL
Baucau,WPEC
White Plains,WPLN
Laut Island,WRBK
Long Bawan-Borneo Island,WRLB
Nunukan-Nunukan Island,WRLF
Long Apung-Borneo Island,WRLP
Sembawang,WSAG
Paya Lebar,WSAP
Tengah,WSAT
Williamsport,WSPT
Singapore,WSSL
Singapore,WSSS
Wurzburg,WURZ
FPSO Xikomba,XKSO
Saint-Petersburg,XLLN
St. Petersburg,XLLV
Taganrog,XRRC
Port O\\'Connor,XS46
Nizhny Novgorod,XUDS
Volosovo,XUMW
Albany,YABA
Amberley,YAMB
Argyle,YARG
Armidale,YARM
Aurukun,YAUR
Uluru,YAYE
Brisbane,YBAF
Amberley,YBAM
Barcaldine,YBAR
Alice Springs,YBAS
Badu Island,YBAU
Brisbane,YBBN
Coolangatta,YBCG
Blackall,YBCK
Cairns,YBCS
Charlieville,YBCV
Bendigo,YBDG
Birdsville,YBDV
Mine Site,YBEE
Broken Hill,YBHI
Hamilton Island,YBHM
Bedourie,YBIE
Bourke,YBKE
Burketown,YBKT
Brusselton,YBLN
Ballarat,YBLT
Mount Isa,YBMA
Maroochydore,YBMC
Mackay,YBMK
Ballina Byron Bay,YBNA
Bairnsdale,YBNS
Boigu,YBOI
Oakey,YBOK
Boulia,YBOU
Brampton Island,YBPI
Prosserpine,YBPN
Rockhampton,YBRK
Bathurst,YBTH
Bathurst Island,YBTI
Townsville,YBTL
Blackwater,YBTR
Bundaberg,YBUD
Bungle Bungle,YBUU
Weipa,YBWP
Barrow Island,YBWX
Carnarvon,YCAR
Cobar,YCBA
Coonabarabran,YCBB
Coober Pedy,YCBP
Chinchilla,YCCA
Coconut Island,YCCT
Cloncurry,YCCY
Ceduna,YCDU
Cooktown,YCKN
Cunnamulla,YCMU
Cessnock,YCNK
Coonamble,YCNM
Coen,YCOE
Cooma,YCOM
Cooinda,YCOO
Cunderdin,YCUN
Derby,YDBY
Dirk Hartog Island,YDHD
Dunk Island,YDKI
Doomadgee,YDMG
Darnley Island,YDNI
Devonport,YDPO
Elcho Island,YELD
Emerald,YEML
Esperance,YESP
Cloudbreak,YFDF
Flinders Island,YFLI
Forrest,YFRT
Fitzroy Crossing,YFTZ
Gatton,YGAT
Gayndah,YGAY
Geraldton,YGEL
Grafton,YGFN
Great Keppel Island,YGKL
Gladstone,YGLA
Goulburn,YGLB
Geelong,YGLG
Glen Innes,YGLI
Groote Eylandt,YGTE
Griffith,YGTH
Hervey Bay,YHBA
Horn Island,YHID
Halls Creek,YHLC
Hamilton,YHML
Hooker Creek,YHOO
Mount Hotham,YHOT
Hughenden,YHUG
Hayman Island,YHYN
Innisfail,YIFL
Inverell,YIVL
Ivanhoe,YIVO
Jabiru,YJAB
Julia Creek,YJLC
Kalbarri,YKBR
King Island,YKII
Kalkgurung,YKKG
Karumba,YKMB
Kowanyama,YKOW
Kingscote,YKSC
Kubin,YKUB
Leigh Creek,YLEC
Leonora,YLEO
Lake Evella,YLEV
Lord Howe Island,YLHI
Lockhart River,YLHR
Lismore,YLIS
Ballera,YLLE
Lightning Ridge,YLRD
Longreach,YLRE
Leinster,YLST
Laverton,YLTN
Laverton,YLVT
Lizard Island,YLZI
Mabuiag Island,YMAA
Avalon,YMAV
Albury,YMAY
Mallacoota,YMCO
Mudgee,YMDG
Menindee,YMED
Meekatharra,YMEK
Melbourne,YMEN
Merimbula,YMER
East Sale,YMES
Milingimbi,YMGB
Maningrida,YMGD
Hobart,YMHB
McArthur River Mine,YMHU
Mildura,YMIA
Launceston,YMLT
Melbourne,YMMB
Melbourne,YMML
Maitland,YMND
Mount Keith,YMNE
Mount Magnet,YMOG
Moree,YMOR
Point Cook,YMPC
Moranbah,YMRB
Mount Garnet,YMRT
Moruya,YMRY
Mount Gambier,YMTG
Mornington Island,YMTI
Murray Island,YMUI
Maryborough,YMYB
Narrandera,YNAR
Narrabri,YNBR
Ravensthorpe,YNRV
Normanton,YNTN
Newman,YNWN
Olympic Dam,YOLD
Onslow,YOLW
Moomba,YOOM
Orange,YORG
Adelaide,YPAD
Argyle,YPAG
Palm Island,YPAM
Paraburdoo,YPBO
Broome,YPBR
Cocos Keeling Island,YPCC
Pooncarie,YPCE
Darwin,YPDN
Perth,YPEA
Lake Macquarie,YPEC
Edinburgh,YPED
Gove,YPGV
Phillip Island,YPID
Perth,YPJT
Karratha,YPKA
Kalgoorlie,YPKG
Parkes,YPKS
Kununurra,YPKU
Port Lincoln,YPLC
Learmonth,YPLM
Prominent Hill,YPMH
Pormpuraaw,YPMP
Port Macquarie,YPMQ
Portland,YPOD
Port Hedland,YPPD
Adelaide,YPPF
Perth,YPPH
Penneshaw,YPSH
Katherine,YPTN
Woomera,YPWR
Christmas Island,YPXM
Quilpie,YQLP
Rothwell,YRED
Renmark,YREN
Ramingining,YRNG
Roma,YROM
Roper Bar,YRRB
Rottnest Island,YRTI
Sydney,YSBK
Canberra,YSCB
Coff's Harbour,YSCH
Camden,YSCN
Scone,YSCO
Dubbo,YSDU
St George,YSGE
Shark Bay,YSHK
Shute Harbour,YSHR
Shepparton,YSHT
Saibai Island,YSII
Norfolk Island,YSNF
Nowra,YSNW
Solomon,YSOL
Richmond,YSRI
Strahan,YSRN
Sydney,YSSY
Tamworth,YSTW
Wagga Wagga,YSWG
Theodore,YTDR
Telfer,YTEF
Temora,YTEM
Thargomindah,YTGM
Tilpa,YTLP
Biloela,YTNG
Tennant Creek,YTNK
Taree,YTRE
Toowoomba,YTWB
Nicholson Peninsula,YUCX
Victoria River Downs,YVRD
Warburton Community,YWBR
Sue Islet,YWBS
Wilcannia,YWCA
Windorah,YWDH
Whyalla,YWHA
Airlie Beach,YWHI
Budd Coast,YWKS
Walgett,YWLG
Newcastle,YWLM
Wiluna,YWLU
Wollongong,YWOL
Winton,YWTN
Warnervale Airport,YWVA
Wyndham,YWYM
Burnie,YWYY
Yuzhno-Kurilsk,YXCM
Yorke Island,YYKI
Yam Island,YYMI
Yuendumu ,YYND
Yarram,YYRM
Yalata,YYTA
Baku,ZABR
Beijing,ZBAA
Beijing,ZBBB
Chifeng,ZBCF
Changzhi,ZBCZ
Dongsheng,ZBDS
Datong,ZBDT
Handan,ZBHD
Hohhot,ZBHH
Hailar,ZBLA
Baotou,ZBOW
Qinhuangdao,ZBSH
Shijiazhuang,ZBSJ
Tangshan,ZBSN
Tianjin,ZBTJ
Tongliao,ZBTL
Wuhai,ZBUH
Ulanhot,ZBUL
Xilinhot,ZBXH
Yuncheng,ZBYC
Taiyuan,ZBYN
Beihai,ZGBH
Changde,ZGCD
Dayong,ZGDY
Guangzhou,ZGGG
Changcha,ZGHA
Guilin,ZGKL
Meixian,ZGMX
Nanning,ZGNN
Shantou,ZGOW
Zhuhai,ZGSD
Shenzhen,ZGSZ
Wuzhou,ZGWZ
Liuzhou,ZGZH
Zhanjiang,ZGZJ
Zhengzhou,ZHCC
Enshi,ZHES
Wuhan,ZHHH
Luoyang,ZHLY
Nanyang,ZHNY
Xiangfan,ZHXF
Yichang,ZHYC
Haikou,ZJHK
Sanya,ZJSY
Pyongyang,ZKPY
Ankang,ZLAK
Lanzhou,ZLAN
Dunhuang,ZLDH
Golmud,ZLGM
Guyuan,ZLGY
Hanzhong,ZLHZ
Yinchuan,ZLIC
Jiayuguan,ZLJQ
Lanzhou,ZLLL
Qingyang,ZLQY
Xi\\'AN,ZLSN
Tianshui,ZLTS
Xiahe city,ZLXH
Xining,ZLXN
Xi'an,ZLXY
Yan'an,ZLYA
Yulin,ZLYL
Yushu,ZLYS
Zhongwei,ZLZW
Arvaikheer,ZMAH
Altai,ZMAT
Bayankhongor,ZMBH
Bulgan,ZMBN
Choibalsan,ZMCD
Uliastai,ZMDN
Dalanzadgad,ZMDZ
Khovd,ZMKD
Muren,ZMMN
Ulan Bator,ZMUB
Ulaangom,ZMUG
Olgii,ZMUL
Baoshan,ZPBS
Dali,ZPDL
Shangri-La,ZPDQ
Jinghonggasa,ZPJH
Lincang,ZPLC
Lijiang,ZPLJ
Luxi,ZPLX
Kunming,ZPPP
Simao,ZPSM
Zhaotong,ZPZT
Xiamen,ZSAM
Anqing,ZSAQ
Changzhou,ZSCG
Nanchang,ZSCN
Dongying,ZSDY
Fuyang,ZSFY
Fuzhou,ZSFZ
Ganzhou,ZSGZ
Hangzhou,ZSHC
Jian,ZSJA
Jingdezhen,ZSJD
Jiujiang,ZSJJ
Jinan,ZSJN
Quzhou,ZSJU
Lianyungang,ZSLG
Huangyan,ZSLQ
Linyi,ZSLY
Ninbo,ZSNB
Nanjing,ZSNJ
Hefei,ZSOF
Shanghai,ZSPD
Qingdao,ZSQD
Quanzhou,ZSQZ
Huai An,ZSSH
Shanghai,ZSSL
Shanghai,ZSSS
Huangshan,ZSTX
Weifang,ZSWF
Weihai,ZSWH
Wuxi,ZSWX
Wuyishan,ZSWY
Wenzhou,ZSWZ
Xuzhou,ZSXZ
Yangzhou,ZSYA
Yichun,ZSYC
Yancheng,ZSYN
Yantai,ZSYT
Yiwu,ZSYW
Zhoushan,ZSZS
Shiquanhe,ZUAL
Bangda,ZUBD
Chongqing,ZUCK
Daocheng,ZUDC
Dazhou,ZUDX
Guangyuan,ZUGU
Guiyang,ZUGY
Jiuzhaigou,ZUJZ
Kangding,ZUKD
Lhasa,ZULS
Luzhou,ZULZ
Mianyang,ZUMY
Nanchong,ZUNC
Nyingchi,ZUNZ
Shigatse,ZURK
Tengchong,ZUTC
Tongren,ZUTR
Chengdu,ZUUU
Wanxian,ZUWX
Xichang,ZUXC
Yibin,ZUYB
Panzhihua,ZUZH
Aksu,ZWAK
Altay,ZWAT
Qiemo,ZWCM
Hami,ZWHM
Kuqa,ZWKC
Korla,ZWKL
Karamay,ZWKM
Burqin,ZWKN
Xinyuan,ZWNL
Kashi,ZWSH
Tacheng,ZWTC
Hotan,ZWTN
Turpan,ZWTP
Urumqi,ZWWW
Yining,ZWYN
Changchun,ZYCC
Changhai,ZYCH
Chaoyang,ZYCY
Dandong,ZYDD
Harbin,ZYHB
Heihe,ZYHE
Jiamusi,ZYJM
Jixi,ZYJX
Jinzhou,ZYJZ
Mudanjiang,ZYMD
Qiqihar,ZYQQ
Dalian,ZYTL
Shenyang,ZYTX
Yanji,ZYYJ
Samjiyon,ZZ04
Neujellingsdorf,ZZ05
Hamburg,ZZ06
Chongjin,ZZ07
